arxiv_id,docclass,20_ret,21_ret,20_time1,20_time2,21_time1,21_time2,20<>21,LV,LV_clean,OP_upper,OP_lower,OP_move,INS_DEL,CHRDIFF_nett,CHRDIFF_uniq,IMG_order,IMG_missing,IMG_size,FONT_num,FONT_uniq,PG_num
2306.04587,article,12,0,5.041152000427246,0.2717609405517578,16.462233543395996,0.1688563823699951,False,2084.0,1490.0,2.0,1.0,150.0,1306.0,1081.0,73.0,True,0.0,0.0,2.0,6.0,0.0
2306.00049,mnras,12,0,18.210252285003666,0.2703168392181396,78.94641423225403,0.1675243377685547,False,42893.0,21732.0,10.0,11.0,7862.0,10401.0,8206.0,78.0,True,0.0,0.0,1.0,3.0,-1.0
2306.11061,article,0,0,12.95380449295044,0.1187202930450439,12.688703060150146,0.1194679737091064,True,0.0,0.0,0.0,0.0,0.0,0.0,0.0,0.0,True,0.0,0.0,0.0,0.0,0.0
2306.02667,elsarticle,12,12,7.308634757995605,0.2215967178344726,7.602617502212524,7.958446502685547,False,6482.0,5435.0,0.0,0.0,53.0,6236.0,5329.0,81.0,True,0.0,0.0,3.0,5.0,-1.0
2306.0007,article,12,0,6.246771812438965,0.2166118621826172,17.95935583114624,0.1688172817230224,False,43788.0,26979.0,13.0,14.0,5607.0,18788.0,15400.0,82.0,True,0.0,0.0,7.0,13.0,-5.0
2306.02708,amsart,0,0,15.986133813858032,0.1684069633483886,15.716073751449583,0.1700341701507568,False,97.0,97.0,0.0,0.0,0.0,0.0,0.0,2.0,True,0.0,0.0,0.0,0.0,0.0
2306.00489,INTERSPEECH2023,0,0,10.076996088027954,0.1671226024627685,9.719950199127195,0.1681253910064697,True,0.0,0.0,0.0,0.0,0.0,0.0,0.0,0.0,True,0.0,0.0,0.0,0.0,0.0
2306.00432,article,0,0,13.679041385650637,0.1712327003479004,9.428484678268433,0.1714105606079101,True,0.0,0.0,0.0,0.0,0.0,0.0,0.0,0.0,True,0.0,0.0,0.0,0.0,0.0
2306.06241,elsarticle,12,0,27.675922632217407,0.1845378875732422,40.57025074958801,0.1170709133148193,False,2254.0,1865.0,0.0,0.0,40.0,1845.0,1701.0,68.0,True,0.0,0.0,2.0,4.0,-1.0
2306.00182,amsart,0,0,29.807646989822388,0.1361558437347412,25.82565665245056,0.1674673557281494,False,627.0,565.0,0.0,0.0,19.0,4.0,0.0,2.0,True,0.0,0.0,0.0,0.0,0.0
2306.00389,article,12,0,5.645915269851685,0.2174470424652099,20.800549030303955,0.1718597412109375,False,10945.0,8258.0,8.0,8.0,680.0,7250.0,6366.0,74.0,True,0.0,0.0,1.0,1.0,-3.0
2306.00125,article,0,0,16.033929109573364,0.1690053939819336,15.704718351364136,0.116708755493164,False,0.0,0.0,0.0,0.0,0.0,0.0,0.0,0.0,True,0.0,0.0,0.0,0.0,0.0
2306.00293,achemso,12,0,6.347966432571411,0.3092141151428222,18.53588104248047,0.1160852909088134,False,12334.0,9647.0,0.0,0.0,265.0,10803.0,9170.0,75.0,True,0.0,0.0,0.0,2.0,-7.0
2306.0021,article,12,0,6.007048845291138,0.2173178195953369,22.457375288009644,0.1741855144500732,False,8297.0,6734.0,0.0,0.0,107.0,7684.0,6552.0,75.0,True,0.0,0.0,1.0,1.0,-1.0
2306.01661,revtex4-1,0,0,16.1607403755188,0.1161012649536132,15.263700246810911,0.1687264442443847,True,0.0,0.0,0.0,0.0,0.0,0.0,0.0,0.0,True,0.0,0.0,0.0,0.0,0.0
2306.08345,acmart,12,0,10.588485956192017,0.2167646884918213,31.70697927474976,0.1670353412628173,False,18295.0,13950.0,6.0,5.0,987.0,12872.0,11125.0,78.0,True,0.0,0.0,0.0,0.0,-2.0
2306.00028,revtex4-2,0,0,11.490171909332275,0.1722815036773681,11.747024536132812,0.1686258316040039,True,0.0,0.0,0.0,0.0,0.0,0.0,0.0,0.0,True,0.0,0.0,0.0,0.0,0.0
2306.01534,article,0,0,9.767849206924438,0.1694147586822509,10.005512237548828,0.1674106121063232,True,0.0,0.0,0.0,0.0,0.0,0.0,0.0,0.0,True,0.0,0.0,0.0,0.0,0.0
2306.00194,amsart,0,0,11.091075658798218,0.173555850982666,11.576356649398804,0.1672687530517578,False,26.0,26.0,0.0,0.0,0.0,0.0,0.0,2.0,True,0.0,0.0,0.0,0.0,0.0
2306.02145,wlscirep,0,0,18.819615840911865,0.1695947647094726,21.066262245178223,0.1726858615875244,False,6110.0,2500.0,3.0,3.0,1413.0,9.0,15.0,6.0,True,0.0,0.0,1.0,67.0,-3.0
2306.00706,article,0,0,6.564439535140991,0.1173489093780517,7.207083702087402,0.1703712940216064,True,0.0,0.0,0.0,0.0,0.0,0.0,0.0,0.0,True,0.0,0.0,0.0,0.0,0.0
2306.00359,revtex4-1,0,0,4.7464258670806885,0.1688542366027832,4.292639493942261,0.1168110370635986,False,11826.0,6829.0,10.0,9.0,1892.0,1.0,0.0,0.0,True,0.0,0.0,0.0,0.0,0.0
2306.00135,article,0,0,15.45020055770874,0.1669468879699707,16.07430148124695,0.171875,True,107.0,107.0,0.0,0.0,0.0,0.0,0.0,2.0,True,0.0,0.0,0.0,0.0,0.0
2306.00055,article,12,12,0.3678715229034424,0.4192657470703125,0.4213101863861084,0.4234848022460937,False,,,,,,,,,,,,,,
2306.00853,article,0,0,36.70656180381775,0.1702847480773925,41.79312705993652,0.1719167232513427,False,11.0,11.0,0.0,0.0,0.0,0.0,0.0,2.0,True,0.0,0.0,0.0,0.0,0.0
2306.0025,revtex4-1,12,0,8.07981824874878,0.2698211669921875,24.27096915245056,0.1166424751281738,False,9942.0,6955.0,0.0,1.0,482.0,7713.0,6178.0,82.0,True,0.0,0.0,4.0,4.0,-2.0
2306.00475,elsarticle,0,0,7.256227731704712,0.1667506694793701,9.040583610534668,0.1668992042541504,True,0.0,0.0,0.0,0.0,0.0,0.0,0.0,0.0,True,0.0,0.0,0.0,0.0,0.0
2306.00038,article,12,0,8.273234367370605,0.3182647228240967,27.776195287704468,0.1163177490234375,False,23765.0,17064.0,4.0,2.0,1752.0,17914.0,15518.0,93.0,True,0.0,0.0,0.0,0.0,-3.0
2306.00365,revtex4-2,12,0,10.820897817611694,0.3196401596069336,26.855133056640625,0.1161441802978515,False,4307.0,2692.0,4.0,0.0,412.0,2411.0,2039.0,77.0,True,0.0,0.0,0.0,4.0,-1.0
2306.00511,amsart,0,0,9.281671524047852,0.1168699264526367,8.487188816070557,0.1155371665954589,True,129.0,129.0,0.0,0.0,0.0,0.0,0.0,2.0,True,0.0,0.0,0.0,2.0,0.0
2306.00922,amsart,0,0,5.145636558532715,0.1161441802978515,4.693310737609863,0.1169948577880859,True,0.0,0.0,0.0,0.0,0.0,0.0,0.0,0.0,True,0.0,0.0,0.0,0.0,0.0
2306.02185,nature,12,12,7.263238906860352,0.2675004005432129,13.87322998046875,6.866111993789673,False,9408.0,7606.0,0.0,0.0,43.0,8892.0,7364.0,78.0,True,0.0,0.0,3.0,5.0,-4.0
2306.00094,elsarticle,0,0,24.832030296325684,0.1677610874176025,18.993403434753414,0.1677684783935547,False,55.0,13.0,0.0,0.0,16.0,0.0,0.0,2.0,True,0.0,0.0,0.0,0.0,0.0
2306.00122,article,12,0,7.1557090282440186,0.2694549560546875,22.81769871711731,0.1165125370025634,False,8504.0,7057.0,0.0,0.0,115.0,7794.0,6683.0,82.0,True,0.0,0.0,7.0,9.0,-3.0
2306.00085,article,0,0,20.903215169906616,0.1673879623413086,17.41814351081848,0.167271614074707,False,39.0,39.0,0.0,0.0,0.0,0.0,0.0,2.0,True,0.0,0.0,0.0,0.0,0.0
2306.00733,article,0,0,16.961674451828003,0.1685309410095214,14.324230909347534,0.1728909015655517,True,0.0,0.0,0.0,0.0,0.0,0.0,0.0,0.0,True,0.0,0.0,0.0,0.0,0.0
2306.00282,cas-dc,12,12,9.272974252700806,0.2692162990570068,15.806950330734251,7.826509475708008,False,19130.0,13541.0,3.0,1.0,1407.0,13228.0,11351.0,154.0,True,0.0,0.0,4.0,6.0,-2.0
2306.00454,article,12,0,4.289436340332031,0.2686769962310791,10.734705686569214,0.1754431724548339,False,9355.0,7582.0,0.0,0.0,9.0,9153.0,7442.0,84.0,True,0.0,0.0,4.0,6.0,-4.0
2306.0005,article,12,12,9.985816240310667,0.2673835754394531,8.521290063858032,8.432026863098145,False,36892.0,30108.0,0.0,0.0,262.0,35669.0,29580.0,87.0,True,0.0,0.0,11.0,15.0,-11.0
2306.03941,article,0,0,11.393983840942385,0.1725194454193115,9.682371854782104,0.1705992221832275,True,0.0,0.0,0.0,0.0,0.0,0.0,0.0,0.0,True,0.0,0.0,0.0,0.0,0.0
2306.00484,amsart,0,0,11.0264995098114,0.1164624691009521,12.27035641670227,0.1676986217498779,False,76.0,76.0,0.0,0.0,0.0,0.0,0.0,2.0,True,0.0,0.0,0.0,0.0,0.0
2306.00029,article,12,12,5.71488618850708,0.2684707641601562,5.611911773681641,6.360780715942383,False,14160.0,12016.0,0.0,0.0,21.0,14063.0,11990.0,79.0,True,0.0,0.0,1.0,1.0,-3.0
2306.02148,elsarticle,12,0,6.251854181289673,0.2696948051452636,21.880041122436523,0.1667361259460449,False,5445.0,2645.0,1.0,0.0,1024.0,2581.0,2175.0,72.0,True,0.0,0.0,4.0,4.0,0.0
2306.00613,article,0,0,16.018219709396362,0.1668598651885986,16.794572830200195,0.1696381568908691,False,66.0,66.0,0.0,0.0,0.0,0.0,0.0,2.0,True,0.0,0.0,0.0,0.0,0.0
2306.02096,elsarticle,12,12,6.36566686630249,0.2167034149169922,6.36492133140564,8.372462034225464,False,5291.0,4529.0,0.0,0.0,6.0,5152.0,4412.0,81.0,True,0.0,0.0,2.0,2.0,-2.0
2306.00128,achemso,12,0,4.893504858016968,0.2697920799255371,15.550172328948976,0.1721701622009277,False,7700.0,6386.0,0.0,0.0,0.0,7498.0,6253.0,80.0,True,0.0,0.0,1.0,3.0,-3.0
2306.00123,revtex4-2,12,12,4.667534589767456,0.2729742527008056,4.494364261627197,4.496880769729614,False,8240.0,6800.0,0.0,0.0,12.0,7951.0,6661.0,80.0,True,0.0,0.0,0.0,2.0,-3.0
2306.00084,mnras,0,0,24.181477069854736,0.1680943965911865,21.62819004058838,0.16957688331604,False,520.0,98.0,0.0,0.0,161.0,5.0,0.0,2.0,True,0.0,0.0,1.0,3.0,0.0
2306.01133,amsart,0,0,5.329516172409058,0.1176047325134277,5.1695849895477295,0.1167852878570556,True,0.0,0.0,0.0,0.0,0.0,0.0,0.0,0.0,True,0.0,0.0,0.0,0.0,0.0
2306.00428,amsart,0,0,7.470423936843872,0.1164605617523193,6.2504870891571045,0.1162490844726562,False,98.0,98.0,0.0,0.0,0.0,0.0,0.0,2.0,True,0.0,0.0,0.0,0.0,0.0
2306.01933,MRM,12,0,8.611788272857666,0.2670712471008301,23.86502885818481,0.1164684295654296,False,3264.0,2800.0,0.0,0.0,0.0,3155.0,2721.0,98.0,True,0.0,0.0,3.0,5.0,-1.0
2306.00429,revtex4-1,12,0,3.4517033100128174,0.2172856330871582,9.235909461975098,0.1710927486419677,False,4944.0,3535.0,0.0,0.0,163.0,4059.0,3342.0,74.0,True,0.0,0.0,1.0,1.0,-1.0
2306.08367,acmart,12,12,7.859453201293945,0.2685842514038086,7.002033233642578,7.1021904945373535,False,9459.0,6189.0,3.0,2.0,978.0,4853.0,4255.0,79.0,True,0.0,0.0,1.0,1.0,0.0
2306.0811,article,12,0,6.658283948898315,0.2703545093536377,19.197763442993164,0.169468879699707,False,21938.0,8025.0,7.0,7.0,5256.0,5163.0,4828.0,79.0,True,0.0,0.0,2.0,6.0,-2.0
2306.00466,IEEEtran,12,12,4.338408946990967,0.269942045211792,4.239914894104004,4.18788743019104,False,6346.0,5346.0,0.0,0.0,0.0,6100.0,5200.0,78.0,True,0.0,0.0,1.0,1.0,0.0
2306.00554,egpubl,12,12,9.45524001121521,10.045346021652222,9.373818635940552,8.883858442306519,True,0.0,0.0,0.0,0.0,0.0,0.0,0.0,0.0,True,0.0,0.0,0.0,0.0,0.0
2306.00782,revtex4-2,12,0,10.237637042999268,0.2742013931274414,31.94524335861206,0.1689743995666504,False,37567.0,22957.0,14.0,11.0,5041.0,15318.0,13020.0,87.0,True,0.0,0.0,1.0,1.0,-2.0
2306.13226,memoir,0,0,9.63917636871338,0.1685853004455566,8.617015838623047,0.1726574897766113,True,0.0,0.0,0.0,0.0,0.0,0.0,0.0,0.0,True,0.0,0.0,0.0,0.0,0.0
2306.00149,IEEEtran,0,0,15.561884880065918,0.1665008068084716,12.54628562927246,0.1708741188049316,True,0.0,0.0,0.0,0.0,0.0,0.0,0.0,0.0,True,0.0,0.0,0.0,0.0,0.0
2306.04327,llncs,12,0,4.293417453765869,0.2676670551300049,10.390268802642822,0.1161482334136962,False,2320.0,1962.0,0.0,0.0,1.0,2162.0,1887.0,70.0,True,0.0,0.0,0.0,0.0,0.0
2306.02281,revtex4-2,0,0,13.363911867141724,0.1673636436462402,10.068827867507936,0.116473913192749,True,7.0,7.0,0.0,0.0,0.0,0.0,0.0,2.0,True,0.0,0.0,0.0,0.0,0.0
2306.00285,article,0,0,6.257063150405884,0.1691582202911377,5.701387405395508,0.1688847541809082,True,0.0,0.0,0.0,0.0,0.0,0.0,0.0,0.0,True,0.0,0.0,0.0,0.0,0.0
2306.00022,mnras,0,0,11.234567642211914,0.1691009998321533,9.23786234855652,0.1758890151977539,False,20.0,0.0,0.0,0.0,0.0,-20.0,0.0,0.0,True,0.0,0.0,0.0,0.0,0.0
2306.00078,revtex4-1,0,0,13.010972261428831,0.1670374870300293,8.461451530456543,0.1701834201812744,False,5642.0,2611.0,4.0,4.0,1216.0,0.0,0.0,4.0,True,0.0,0.0,1.0,1.0,0.0
2306.00743,article,0,0,10.834804773330688,0.21830415725708,7.254206657409668,0.1159956455230712,True,0.0,0.0,0.0,0.0,0.0,0.0,0.0,0.0,True,0.0,0.0,0.0,0.0,0.0
2306.01028,llncs,12,0,5.600594758987427,0.3206617832183838,7.005859851837158,0.1158463954925537,False,415.0,117.0,0.0,0.0,121.0,69.0,83.0,21.0,True,0.0,0.0,0.0,0.0,0.0
2306.00313,amsart,0,0,23.633084535598755,0.2173030376434326,15.67202925682068,0.1702637672424316,False,73.0,73.0,0.0,0.0,0.0,0.0,0.0,2.0,True,0.0,0.0,0.0,0.0,0.0
2306.02681,revtex4-2,12,12,16.837268114089966,0.2678360939025879,10.729000568389893,11.091283798217772,False,16698.0,9850.0,1.0,2.0,2026.0,10297.0,8845.0,79.0,True,0.0,0.0,1.0,1.0,-1.0
2306.00479,acmart,0,0,31.23855233192444,0.1720163822174072,25.08803653717041,0.1165974140167236,False,9777.0,5056.0,12.0,8.0,2018.0,0.0,0.0,0.0,True,0.0,0.0,0.0,0.0,0.0
2306.00036,article,12,0,11.586180925369264,0.4694116115570068,30.942659616470337,0.1354942321777343,False,28048.0,19871.0,12.0,12.0,2788.0,10668.0,9252.0,75.0,True,0.0,0.0,0.0,2.0,-3.0
2306.0011,article,12,0,7.462642669677734,0.2684803009033203,22.95874071121216,0.1667397022247314,False,10722.0,8560.0,1.0,0.0,285.0,9038.0,7695.0,77.0,True,0.0,0.0,2.0,6.0,-3.0
2306.00762,uai2023,12,0,10.284354209899902,0.2674753665924072,32.9866316318512,0.1673934459686279,False,21904.0,14201.0,11.0,13.0,2735.0,7219.0,6385.0,84.0,True,0.0,0.0,1.0,1.0,-2.0
2306.00641,atlasdoc,0,0,91.53355956077576,0.1671440601348877,84.54924869537354,0.1673295497894287,False,301.0,56.0,0.0,0.0,0.0,-19.0,-28.0,6.0,True,0.0,0.0,1.0,5.0,0.0
2306.0071,amsart,12,0,6.2618794441223145,0.2691774368286133,12.953827142715454,0.1167662143707275,False,2200.0,1890.0,0.0,0.0,0.0,2125.0,1819.0,72.0,True,0.0,0.0,3.0,3.0,0.0
2306.06698,article,12,12,5.247725486755371,0.2168545722961425,5.176080942153931,5.18981409072876,False,3416.0,2862.0,0.0,0.0,18.0,3014.0,2660.0,70.0,True,0.0,0.0,1.0,1.0,-1.0
2306.00113,amsart,0,0,13.509743690490724,0.1669254302978515,10.875815868377686,0.1155314445495605,True,0.0,0.0,0.0,0.0,0.0,0.0,0.0,0.0,True,0.0,0.0,0.0,0.0,0.0
2306.00263,pasj01,12,0,2.434418201446533,0.2796587944030761,7.021177768707275,0.1156554222106933,False,8139.0,5223.0,2.0,7.0,1022.0,3101.0,2634.0,69.0,True,0.0,0.0,1.0,1.0,0.0
2306.00531,amsart,0,0,10.026787519454956,0.1677753925323486,10.864049673080444,0.1683642864227295,False,1.0,0.0,0.0,0.0,0.0,1.0,0.0,0.0,True,0.0,0.0,0.0,0.0,0.0
2306.00574,article,12,12,7.508145570755005,0.2677540779113769,6.70713210105896,8.0039803981781,False,4629.0,3895.0,0.0,0.0,33.0,4128.0,3660.0,73.0,True,0.0,0.0,2.0,2.0,-3.0
2306.01073,article,0,0,9.635469675064089,0.1161410808563232,9.847166538238524,0.1676077842712402,True,0.0,0.0,0.0,0.0,0.0,0.0,0.0,0.0,True,0.0,0.0,0.0,0.0,0.0
2306.00615,article,0,0,9.167923927307127,0.1169590950012207,10.72200846672058,0.1728370189666748,True,9.0,9.0,0.0,0.0,0.0,0.0,0.0,2.0,True,0.0,0.0,0.0,0.0,0.0
2306.00146,revtex4-2,12,0,39.462080240249634,0.2674541473388672,131.0367078781128,0.1162548065185546,False,7875.0,4452.0,0.0,0.0,986.0,4630.0,4024.0,84.0,True,0.0,0.0,2.0,2.0,0.0
2306.00236,article,12,12,7.524913787841797,0.2686052322387695,7.10966420173645,7.007380485534668,False,11467.0,9730.0,0.0,0.0,8.0,11329.0,9618.0,78.0,True,0.0,0.0,1.0,3.0,-4.0
2306.00093,article,0,0,13.37004017829895,0.217630386352539,12.43972635269165,0.1674976348876953,False,0.0,0.0,0.0,0.0,0.0,0.0,0.0,0.0,True,0.0,0.0,0.0,0.0,0.0
2306.00033,article,0,0,5.157694578170776,0.1156573295593261,3.205732583999634,0.1714060306549072,True,0.0,0.0,0.0,0.0,0.0,0.0,0.0,0.0,True,0.0,0.0,0.0,0.0,0.0
2306.00367,article,12,0,10.836735486984251,0.3685564994812011,28.052016258239743,0.1750075817108154,False,9815.0,5797.0,2.0,6.0,1103.0,5530.0,4548.0,78.0,True,0.0,0.0,5.0,9.0,-1.0
2306.08486,GonnellaLab-StyleArXiv,12,0,16.246437788009644,0.2678823471069336,38.57421970367432,0.1671633720397949,False,25931.0,17910.0,6.0,7.0,2489.0,16808.0,14812.0,85.0,True,0.0,0.0,1.0,3.0,-3.0
2306.01378,comsoc2023,12,0,7.363587141036987,0.3226876258850097,17.741432428359985,0.1161625385284423,False,5188.0,4369.0,0.0,0.0,29.0,4456.0,4018.0,81.0,True,0.0,0.0,1.0,1.0,-1.0
2306.00218,revtex4-1,0,0,10.543310642242432,0.1165518760681152,7.924587726593018,0.1159474849700927,True,16.0,16.0,0.0,0.0,0.0,0.0,0.0,2.0,True,0.0,0.0,0.0,0.0,0.0
2306.05241,article,12,0,1.27441143989563,0.2169694900512695,22.087095737457275,0.1167404651641845,False,45155.0,37238.0,0.0,2.0,0.0,44988.0,37059.0,141.0,False,64.0,0.0,81.0,107.0,-7.0
2306.1063,achemso,12,0,4.844701051712036,0.2673614025115967,11.59661316871643,0.1722047328948974,False,10410.0,8576.0,0.0,0.0,25.0,9838.0,8288.0,77.0,True,0.0,0.0,0.0,2.0,-6.0
2306.00005,article,12,0,8.3225576877594,0.2696282863616943,34.4007363319397,0.1743757724761963,False,11629.0,7995.0,7.0,7.0,1054.0,6538.0,5460.0,73.0,True,0.0,0.0,3.0,5.0,-1.0
2306.00006,article,12,0,6.918549299240112,0.2690341472625732,19.106412649154663,0.1672306060791015,False,18247.0,13759.0,2.0,5.0,861.0,14495.0,12082.0,78.0,True,0.0,0.0,2.0,2.0,-3.0
2306.00822,article,0,0,5.817763805389404,0.1160039901733398,5.246200799942017,0.1702010631561279,True,3.0,3.0,0.0,0.0,0.0,0.0,0.0,2.0,True,0.0,0.0,0.0,0.0,0.0
2306.00237,revtex4-2,12,12,4.792848825454712,0.2165400981903076,4.845867872238159,4.643760919570923,False,18714.0,11538.0,1.0,0.0,1942.0,13397.0,11076.0,82.0,True,0.0,0.0,1.0,1.0,-3.0
2306.12602,article,12,0,7.467482089996338,0.2680714130401611,22.03991985321045,0.1694607734680175,False,14364.0,5618.0,0.0,6.0,3304.0,5789.0,5012.0,76.0,True,0.0,0.0,2.0,2.0,-3.0
2306.01388,acmart,12,0,8.317293405532837,0.2682039737701416,25.04560089111328,0.1687185764312744,False,10363.0,7358.0,0.0,0.0,723.0,8516.0,7301.0,78.0,True,0.0,0.0,1.0,1.0,-1.0
2306.00104,llncs,0,0,9.18284034729004,0.1166639328002929,8.318397283554077,0.1163208484649658,True,0.0,0.0,0.0,0.0,0.0,0.0,0.0,0.0,True,0.0,0.0,0.0,0.0,0.0
2306.00226,article,12,0,4.389847278594971,0.2683186531066894,9.967175245285034,0.1157379150390625,False,11895.0,9873.0,0.0,0.0,5.0,11431.0,9767.0,78.0,True,0.0,0.0,1.0,1.0,-4.0
2306.00277,elsarticle,0,0,8.862459659576416,0.1663157939910888,5.094193935394287,0.1174705028533935,True,0.0,0.0,0.0,0.0,0.0,0.0,0.0,0.0,True,0.0,0.0,0.0,0.0,0.0
2306.01713,revtex4-2,12,0,5.496317148208618,0.2666201591491699,13.653120994567873,0.1162316799163818,False,11124.0,5423.0,3.0,5.0,2015.0,3744.0,3140.0,76.0,True,0.0,0.0,4.0,4.0,-1.0
2306.00257,amsart,0,0,7.753732681274414,0.1671574115753173,6.2491068840026855,0.1701467037200927,False,6.0,6.0,0.0,0.0,0.0,0.0,0.0,2.0,True,0.0,0.0,0.0,0.0,0.0
2306.0023,elsarticle,12,0,14.560277938842772,0.2679896354675293,35.2986855506897,0.1161928176879882,False,18232.0,15149.0,12.0,10.0,865.0,7054.0,6378.0,79.0,True,0.0,0.0,0.0,0.0,0.0
2306.00441,amsart,0,0,9.718944549560549,0.116260290145874,7.571975946426392,0.1161658763885498,True,21.0,21.0,0.0,0.0,0.0,0.0,0.0,2.0,True,0.0,0.0,0.0,0.0,0.0
2306.00187,IEEEtran,12,0,5.861026763916016,0.2697567939758301,13.59353232383728,0.1732025146484375,False,9858.0,8194.0,2.0,3.0,93.0,8662.0,7508.0,79.0,True,0.0,0.0,2.0,2.0,-1.0
2306.00382,article,12,0,7.159183502197266,0.2685437202453613,17.084884881973267,0.1710240840911865,False,12525.0,10549.0,0.0,0.0,52.0,11804.0,10257.0,83.0,True,0.0,0.0,1.0,1.0,-4.0
2306.00675,IEEEtran,0,0,13.752392530441284,0.2685215473175049,10.025489807128906,0.170936107635498,True,0.0,0.0,0.0,0.0,0.0,0.0,0.0,0.0,True,0.0,0.0,0.0,0.0,0.0
2306.13848,mdpi,0,0,23.04077649116516,0.2179863452911377,15.76795506477356,0.167473554611206,False,0.0,0.0,0.0,0.0,0.0,0.0,0.0,0.0,True,0.0,0.0,0.0,0.0,0.0
2306.00573,elsarticle,12,0,6.904664278030396,0.3202056884765625,14.71539568901062,0.1158249378204345,False,1826.0,1515.0,0.0,0.0,2.0,1759.0,1483.0,71.0,True,0.0,0.0,0.0,0.0,-1.0
2306.00358,article,12,0,9.449771881103516,0.2678515911102295,22.151390075683597,0.1165549755096435,False,8470.0,5612.0,4.0,2.0,831.0,4158.0,3499.0,80.0,True,0.0,0.0,9.0,9.0,-2.0
2306.00082,amsart,0,0,13.800004720687866,0.1667308807373047,10.680042266845703,0.1697630882263183,False,4.0,4.0,0.0,0.0,0.0,0.0,0.0,2.0,True,0.0,0.0,0.0,0.0,0.0
2306.00461,article,12,12,4.542869806289673,0.2663207054138183,3.787929534912109,3.7386457920074463,False,6253.0,5148.0,0.0,0.0,55.0,5650.0,4901.0,74.0,True,0.0,0.0,0.0,0.0,-1.0
2306.03442,article,12,0,9.217382669448853,0.2691786289215088,20.592114210128784,0.1170575618743896,False,17705.0,13472.0,1.0,3.0,737.0,14088.0,11695.0,88.0,True,0.0,0.0,1.0,1.0,-4.0
2306.07888,acmart,0,0,78.80246043205261,0.2168776988983154,58.07988905906677,0.1668407917022705,False,109.0,0.0,0.0,0.0,44.0,-5.0,0.0,0.0,True,0.0,0.0,0.0,0.0,0.0
2306.01358,article,12,0,8.850827932357788,0.5256795883178711,12.442997455596924,0.1191160678863525,False,2931.0,2487.0,0.0,0.0,0.0,2897.0,2468.0,76.0,True,0.0,0.0,1.0,1.0,0.0
2306.00712,article,12,0,3.694462299346924,0.4716479778289795,4.455326557159424,0.1169536113739013,False,716.0,600.0,0.0,0.0,0.0,681.0,590.0,61.0,True,0.0,0.0,0.0,0.0,0.0
2306.0035,article,12,0,9.782874584197998,0.421828031539917,12.861675024032593,0.168602705001831,False,6934.0,5900.0,0.0,0.0,0.0,6685.0,5786.0,80.0,True,0.0,0.0,0.0,0.0,-2.0
2306.16386,revtex4-1,12,0,6.47527003288269,0.3709986209869385,9.974976062774658,0.169968843460083,False,285.0,177.0,0.0,0.0,13.0,-115.0,35.0,15.0,True,0.0,0.0,1.0,1.0,0.0
2306.00275,IEEEtran,12,0,5.965042591094971,4.81384015083313,8.780121803283691,0.1699724197387695,False,,,,,,,,,,,,,,
2306.00746,article,0,0,5.758846282958984,0.2203447818756103,3.1866204738616943,0.1167688369750976,True,45.0,45.0,0.0,0.0,0.0,0.0,0.0,2.0,True,0.0,0.0,0.0,0.0,0.0
2306.17541,article,0,0,11.657029628753662,0.2180714607238769,6.951930999755859,0.1710157394409179,True,41.0,41.0,0.0,0.0,0.0,0.0,0.0,2.0,True,0.0,0.0,0.0,0.0,0.0
2306.02773,scrartcl,0,0,24.415329694747925,0.2684333324432373,11.940447330474854,0.173290729522705,False,216.0,0.0,0.0,0.0,87.0,0.0,0.0,0.0,True,0.0,0.0,0.0,0.0,0.0
2306.00516,sn-jnl,12,0,10.86893892288208,0.3213863372802734,14.91286039352417,0.1689498424530029,False,8252.0,7009.0,0.0,0.0,0.0,7918.0,6742.0,81.0,True,0.0,0.0,1.0,1.0,-4.0
2306.00387,amsart,0,0,9.325724840164185,0.1665201187133789,5.607060194015503,0.1734302043914795,True,10.0,10.0,0.0,0.0,0.0,0.0,0.0,2.0,True,0.0,0.0,0.0,0.0,0.0
2306.02984,article,12,0,15.606656789779665,0.4772422313690185,19.63935589790344,0.11602783203125,False,4217.0,2372.0,15.0,1.0,608.0,1824.0,1558.0,77.0,True,0.0,0.0,3.0,3.0,0.0
2306.00653,amsart,0,0,12.519505739212036,0.1674330234527588,8.815289497375488,0.1159610748291015,False,0.0,0.0,0.0,0.0,0.0,0.0,0.0,0.0,True,0.0,0.0,0.0,0.0,0.0
2306.17583,IEEEtran,12,0,3.1881954669952397,0.2671289443969726,6.952749490737915,0.1161589622497558,False,5398.0,3787.0,5.0,10.0,553.0,1208.0,1070.0,72.0,True,0.0,0.0,2.0,2.0,0.0
2306.03237,revtex4-2,12,0,2.9374446868896484,0.2677340507507324,6.00335168838501,0.1726601123809814,False,9058.0,4729.0,5.0,8.0,1628.0,-248.0,27.0,15.0,True,0.0,0.0,2.0,2.0,0.0
2306.00142,elsarticle,0,0,24.89369201660156,0.2201709747314453,18.833918809890747,0.1711344718933105,False,12.0,12.0,0.0,0.0,0.0,0.0,0.0,2.0,True,0.0,0.0,0.0,4.0,0.0
2306.00417,revtex4-2,0,0,10.28224778175354,0.1171426773071289,8.325472593307495,0.1703743934631347,True,0.0,0.0,0.0,0.0,0.0,0.0,0.0,0.0,True,0.0,0.0,0.0,0.0,0.0
2306.00329,article,0,0,2.3850948810577397,0.1173725128173828,1.7262301445007324,0.1166274547576904,True,23.0,23.0,0.0,0.0,0.0,0.0,0.0,2.0,True,0.0,0.0,0.0,0.0,0.0
2306.00425,article,0,0,20.95442128181457,0.1686139106750488,16.610474824905396,0.1690859794616699,False,69.0,61.0,0.0,0.0,2.0,0.0,0.0,2.0,True,0.0,0.0,0.0,0.0,0.0
2306.00063,amsart}%article,0,0,24.239181756973267,0.1724293231964111,20.90944766998291,0.1677594184875488,False,955.0,420.0,0.0,0.0,172.0,-4.0,0.0,2.0,True,0.0,0.0,0.0,0.0,0.0
2306.00047,llncs,12,0,8.716343879699707,0.2683877944946289,15.149171590805054,0.1192748546600341,False,7856.0,6497.0,0.0,0.0,125.0,7445.0,6387.0,77.0,True,0.0,0.0,4.0,4.0,-2.0
2306.00207,amsart,0,0,20.607396841049194,0.1728096008300781,17.80766725540161,0.1159687042236328,False,77.0,77.0,0.0,0.0,0.0,0.0,0.0,2.0,True,0.0,0.0,0.0,0.0,0.0
2306.00248,acmart,12,0,9.73275876045227,0.2676863670349121,31.90843725204468,0.1714575290679931,False,22810.0,14053.0,10.0,13.0,2950.0,11853.0,10248.0,80.0,True,0.0,0.0,1.0,1.0,-1.0
2306.00032,article,12,0,4.848330736160278,0.2683000564575195,7.559223175048828,0.1155629158020019,False,140.0,62.0,0.0,0.0,26.0,-21.0,13.0,16.0,True,0.0,0.0,0.0,0.0,0.0
2306.00052,article,0,0,19.595314025878903,0.1691889762878418,17.080331325531006,0.1703042984008789,True,0.0,0.0,0.0,0.0,0.0,0.0,0.0,0.0,True,0.0,0.0,0.0,0.0,0.0
2306.00013,article,0,0,24.53515672683716,0.1160798072814941,21.842977046966556,0.1700396537780761,False,0.0,0.0,0.0,0.0,0.0,0.0,0.0,0.0,True,0.0,0.0,0.0,0.0,0.0
2306.00213,article,0,0,15.931026697158812,0.1168034076690673,14.697744846343994,0.1193654537200927,True,1.0,1.0,0.0,0.0,0.0,0.0,0.0,2.0,True,0.0,0.0,0.0,0.0,0.0
2306.11627,svjour3,0,0,8.681662321090698,0.1170198917388916,7.60651421546936,0.1161732673645019,True,0.0,0.0,0.0,0.0,0.0,0.0,0.0,0.0,True,0.0,0.0,0.0,0.0,0.0
2306.09084,article,0,0,9.64448881149292,0.1162543296813964,7.054268836975098,0.1672267913818359,True,0.0,0.0,0.0,0.0,0.0,0.0,0.0,0.0,True,0.0,0.0,0.0,0.0,0.0
2306.01632,article,0,0,4.248343467712402,0.119499921798706,2.6489133834838867,0.1169500350952148,True,0.0,0.0,0.0,0.0,0.0,0.0,0.0,0.0,True,0.0,0.0,0.0,0.0,0.0
2306.00327,amsart,0,0,6.894859552383423,0.1822893619537353,4.941092014312744,0.1699886322021484,True,0.0,0.0,0.0,0.0,0.0,0.0,0.0,0.0,True,0.0,0.0,0.0,0.0,0.0
2306.00139,revtex4-1,12,0,11.25570034980774,0.2679691314697265,24.52773785591125,0.1168277263641357,False,6322.0,5368.0,9.0,2.0,124.0,3947.0,3253.0,78.0,True,0.0,0.0,1.0,3.0,-1.0
2306.00337,revtex4-2,12,0,6.965657949447632,0.2182204723358154,18.26083540916443,0.1159965991973877,False,23236.0,11230.0,8.0,7.0,4332.0,8084.0,7074.0,88.0,True,0.0,0.0,1.0,3.0,-2.0
2306.0026,amsart,0,0,8.970270872116089,0.1166796684265136,8.814899921417236,0.1160581111907959,True,0.0,0.0,0.0,0.0,0.0,0.0,0.0,0.0,True,0.0,0.0,0.0,0.0,0.0
2306.00415,ieeecolor,12,0,3.288008689880371,0.2204766273498535,9.230735540390016,0.166644811630249,False,5269.0,4258.0,0.0,0.0,24.0,4506.0,3954.0,75.0,True,0.0,0.0,1.0,1.0,0.0
2306.13656,aastex631,0,0,10.799772024154665,0.1171362400054931,17.57999610900879,0.2694144248962402,True,0.0,0.0,0.0,0.0,0.0,0.0,0.0,0.0,True,0.0,0.0,0.0,0.0,0.0
2306.03416,cas-sc,0,0,17.976482629776,0.1728873252868652,35.571056842803955,0.2689759731292724,False,2255.0,1155.0,3.0,4.0,457.0,0.0,0.0,88.0,True,0.0,0.0,0.0,0.0,0.0
2306.00264,sagej,12,0,6.633663654327393,0.2256643772125244,42.92088770866394,0.1676793098449707,False,38582.0,23619.0,13.0,15.0,5135.0,10902.0,9092.0,72.0,True,0.0,0.0,4.0,12.0,-1.0
2306.00563,IEEEtran,0,0,13.39813494682312,0.1718761920928955,21.09687757492065,0.2179274559020996,True,0.0,0.0,0.0,0.0,0.0,0.0,0.0,0.0,True,0.0,0.0,0.0,0.0,0.0
2306.06728,article,12,12,11.072750806808472,10.485126733779907,17.431566953659058,17.4144287109375,True,0.0,0.0,0.0,0.0,0.0,0.0,0.0,0.0,True,0.0,0.0,0.0,0.0,0.0
2306.02188,amsart,0,0,11.627104759216309,0.1694042682647705,21.23774480819702,0.1670126914978027,False,0.0,0.0,0.0,0.0,0.0,0.0,0.0,0.0,True,0.0,0.0,0.0,0.0,0.0
2306.00057,revtex4-1,0,0,13.504373788833618,0.1170876026153564,21.679345846176147,0.2194380760192871,True,3.0,3.0,0.0,0.0,0.0,0.0,0.0,2.0,True,0.0,0.0,0.0,0.0,0.0
2306.01017,revtex4-2,12,0,1.6281883716583252,0.2710175514221191,4.735263824462891,0.219332218170166,False,489.0,286.0,0.0,0.0,0.0,-220.0,114.0,15.0,True,0.0,0.0,0.0,0.0,0.0
2306.0075,article,12,0,7.206233739852905,0.2228453159332275,43.70973324775696,0.1673347949981689,False,32942.0,25702.0,10.0,8.0,1997.0,17993.0,15019.0,82.0,True,0.0,0.0,3.0,3.0,-4.0
2306.01793,article,12,0,5.259830713272095,0.2181036472320556,24.034124612808228,0.1677665710449218,False,10385.0,8621.0,0.0,0.0,6.0,9617.0,8283.0,86.0,True,0.0,0.0,0.0,0.0,-4.0
2306.00274,article,12,0,11.246962785720823,0.2225596904754638,48.16695713996887,0.2197942733764648,False,12044.0,9292.0,0.0,0.0,575.0,8065.0,7364.0,82.0,True,0.0,0.0,0.0,0.0,-3.0
2306.00179,macro/neu_msthesis,12,0,23.07836675643921,0.2166392803192138,116.65860652923584,0.1667561531066894,False,31369.0,19008.0,5.0,3.0,3613.0,22582.0,18206.0,87.0,True,0.0,0.0,0.0,2.0,-10.0
2306.00599,amsart,12,0,5.858571529388428,0.220017671585083,17.936300039291382,0.1159825325012207,False,155.0,119.0,0.0,0.0,0.0,-58.0,13.0,21.0,True,0.0,0.0,0.0,0.0,0.0
2306.00506,revtex4-2,0,0,16.029948711395264,0.1734864711761474,15.682536363601685,0.1684985160827636,False,503.0,1.0,0.0,0.0,195.0,-8.0,0.0,2.0,True,0.0,0.0,0.0,0.0,0.0
2306.00345,revtex4-2,0,0,7.757558822631836,0.1169588565826416,8.182183027267456,0.1678693294525146,False,86.0,0.0,0.0,0.0,22.0,0.0,0.0,0.0,True,0.0,0.0,0.0,0.0,0.0
2306.01797,llncs,12,0,6.151792526245117,0.2196578979492187,18.4258725643158,0.1160173416137695,False,1889.0,1601.0,0.0,0.0,10.0,1775.0,1515.0,68.0,True,0.0,0.0,1.0,1.0,0.0
2306.00041,IEEEtran,0,0,4.3060524463653564,0.1174821853637695,4.588149070739746,0.1173529624938964,True,0.0,0.0,0.0,0.0,0.0,0.0,0.0,0.0,True,0.0,0.0,0.0,0.0,0.0
2306.14506,article,0,0,6.50108814239502,0.11607027053833,6.618674755096436,0.1155061721801757,True,0.0,0.0,0.0,0.0,0.0,0.0,0.0,0.0,True,0.0,0.0,0.0,2.0,0.0
2306.01085,elsarticle,0,0,127.48251748085022,0.321629524230957,126.87104773521423,0.167311429977417,True,21.0,21.0,0.0,0.0,0.0,0.0,0.0,2.0,True,0.0,0.0,0.0,0.0,0.0
2306.00101,article,0,0,4.867349147796631,0.2179503440856933,2.7314109802246094,0.1176133155822753,True,11.0,11.0,0.0,0.0,0.0,0.0,0.0,2.0,True,0.0,0.0,0.0,0.0,0.0
2306.00244,IEEEtran,0,0,21.25873303413391,0.2711496353149414,11.429952383041382,0.1713366508483886,False,0.0,0.0,0.0,0.0,0.0,0.0,0.0,0.0,True,0.0,0.0,0.0,0.0,0.0
2306.01569,article,12,0,10.08149766921997,0.3177342414855957,16.725210666656494,0.1163547039031982,False,13892.0,6050.0,5.0,2.0,2955.0,3347.0,2917.0,75.0,True,0.0,0.0,1.0,7.0,0.0
2306.01353,elsarticle,0,0,22.872238397598267,0.2171835899353027,9.166234970092772,0.1674702167510986,True,4.0,4.0,0.0,0.0,0.0,0.0,0.0,2.0,True,0.0,0.0,0.0,0.0,0.0
2306.02169,agujournal2019,12,0,6.713295936584473,0.3178837299346924,16.78933095932007,0.1726725101470947,False,15800.0,7474.0,10.0,7.0,3068.0,6710.0,5879.0,75.0,True,0.0,0.0,1.0,1.0,-2.0
2306.00533,amsart,0,0,11.15164065361023,0.1674213409423828,6.756196737289429,0.1669621467590332,True,0.0,0.0,0.0,0.0,0.0,0.0,0.0,0.0,True,0.0,0.0,0.0,0.0,0.0
2306.01863,nature,12,0,8.974690198898315,0.3726129531860351,16.069201707839966,0.1163849830627441,False,3708.0,3094.0,0.0,0.0,3.0,3447.0,2950.0,71.0,True,0.0,0.0,0.0,6.0,-3.0
2306.00562,amsart,0,0,11.0931134223938,0.1671085357666015,6.411622762680054,0.1698870658874511,False,83.0,83.0,0.0,0.0,0.0,0.0,0.0,2.0,True,0.0,0.0,0.0,0.0,0.0
2306.01092,IEEEtran,12,0,49.83843159675598,0.3196632862091064,141.9817292690277,0.1672282218933105,False,11001.0,7080.0,11.0,9.0,1258.0,5504.0,4656.0,76.0,True,0.0,0.0,2.0,2.0,-1.0
2306.0001,article,12,0,9.347635507583618,0.3196084499359131,25.45868134498596,0.2194678783416748,False,5300.0,2980.0,0.0,0.0,762.0,3325.0,2810.0,77.0,True,0.0,0.0,6.0,6.0,-1.0
2306.00072,revtex4-2,12,0,6.222178936004639,0.3747835159301758,17.41888117790222,0.1670508384704589,False,9757.0,6725.0,5.0,5.0,839.0,4957.0,4377.0,77.0,True,0.0,0.0,1.0,1.0,-1.0
2306.00215,amsart,12,0,7.719772577285767,7.617520570755005,20.271697998046875,0.2174417972564697,True,20.0,20.0,0.0,0.0,0.0,0.0,0.0,2.0,True,0.0,0.0,0.0,0.0,0.0
2306.0012,vgtc,12,0,11.147786617279053,0.372631311416626,29.63306951522827,0.2178671360015869,False,21716.0,13624.0,11.0,8.0,2705.0,9118.0,8009.0,76.0,True,0.0,0.0,3.0,5.0,-1.0
2306.00453,article,12,0,11.711073160171509,0.3689539432525635,46.45155811309815,0.1676816940307617,False,12206.0,8653.0,0.0,0.0,936.0,9500.0,8291.0,80.0,True,0.0,0.0,1.0,1.0,-2.0
2306.00091,article,12,0,8.123302698135376,0.2703580856323242,36.43569779396057,0.2189569473266601,False,9095.0,6917.0,2.0,4.0,314.0,7222.0,6066.0,83.0,False,24.0,0.0,0.0,2.0,-2.0
2306.00886,lipics-v2021,0,0,23.66920590400696,0.1686880588531494,34.827287673950195,0.2683753967285156,False,0.0,0.0,0.0,0.0,0.0,0.0,0.0,0.0,True,0.0,0.0,0.0,0.0,0.0
2306.00718,elsarticle,12,0,4.592924118041992,0.2208354473114013,27.18904423713684,0.1670675277709961,False,40949.0,35935.0,0.0,0.0,74.0,39724.0,35130.0,106.0,True,0.0,0.0,1.0,5.0,-5.0
2306.01127,amsart,12,0,7.307831764221191,0.269536018371582,32.495893239974976,0.1671476364135742,False,5897.0,4066.0,1.0,0.0,515.0,1833.0,2118.0,72.0,True,0.0,0.0,0.0,2.0,0.0
2306.00431,lipics-v2021,12,0,8.387696981430054,0.2722320556640625,39.59434461593628,0.2696106433868408,False,25012.0,19801.0,0.0,0.0,745.0,21302.0,18724.0,88.0,True,0.0,0.0,1.0,3.0,-5.0
2306.00003,jmlr,12,12,8.5794837474823,8.183856725692749,11.692414045333862,12.184631109237673,False,126.0,125.0,0.0,0.0,0.0,-111.0,-110.0,17.0,True,0.0,0.0,0.0,0.0,0.0
2306.09408,revtex4-1,12,0,4.139018058776856,0.2209036350250244,8.668514966964722,0.1162047386169433,False,2036.0,302.0,0.0,0.0,697.0,-168.0,11.0,22.0,True,0.0,0.0,3.0,3.0,0.0
2306.00096,article,12,0,5.514708995819092,0.2198481559753418,22.308602571487427,0.170236587524414,False,6980.0,5448.0,0.0,1.0,237.0,5512.0,4876.0,79.0,True,0.0,0.0,1.0,1.0,-2.0
2306.08421,article,12,0,3.9897406101226807,0.2178940773010254,12.385657787322998,0.1683530807495117,False,144.0,110.0,0.0,0.0,2.0,-68.0,-12.0,18.0,True,0.0,0.0,1.0,1.0,0.0
2306.00001,IEEEtran,12,0,4.750117778778076,0.2168896198272705,13.959858655929564,0.1709644794464111,False,7953.0,6410.0,3.0,4.0,263.0,5993.0,5183.0,76.0,True,0.0,0.0,1.0,1.0,-1.0
2306.01967,article,12,0,6.608609437942505,0.219860553741455,22.08629059791565,0.1163158416748046,False,24286.0,13104.0,12.0,11.0,4205.0,8570.0,7474.0,78.0,True,0.0,0.0,4.0,10.0,-3.0
2306.00184,siamltex,12,0,13.058470964431764,0.271245002746582,54.08306694030762,0.1162185668945312,False,21577.0,15403.0,0.0,4.0,1502.0,16575.0,14298.0,82.0,False,2.0,0.0,3.0,3.0,-3.0
2306.03696,revtex4-2,12,12,12.314125776290894,0.2720186710357666,13.072504043579102,13.065895795822144,False,16939.0,7239.0,13.0,14.0,3990.0,-257.0,95.0,27.0,True,0.0,0.0,2.0,2.0,0.0
2306.16589,acmart,12,0,8.1574068069458,0.2177329063415527,24.17100763320923,0.1703939437866211,False,6077.0,5236.0,0.0,0.0,0.0,5903.0,5141.0,75.0,True,0.0,0.0,0.0,0.0,-1.0
2306.03399,wlscirep,0,0,10.388397455215454,0.1701550483703613,11.17871379852295,0.1661019325256347,False,2.0,0.0,0.0,0.0,0.0,0.0,0.0,0.0,True,0.0,0.0,0.0,0.0,0.0
2306.00903,amsart,0,0,15.45247220993042,0.1672074794769287,17.173312425613403,0.1668167114257812,False,9.0,9.0,0.0,0.0,0.0,0.0,0.0,2.0,True,0.0,0.0,0.0,0.0,0.0
2306.01508,amsart,0,0,11.501230478286743,0.1718490123748779,13.038739204406738,0.1679165363311767,False,2765.0,126.0,0.0,0.0,1092.0,-3.0,0.0,6.0,True,0.0,0.0,0.0,0.0,0.0
2306.02156,IEEEtran,0,0,18.58108925819397,0.1697213649749755,20.05158114433289,0.169020414352417,False,45.0,45.0,0.0,0.0,0.0,0.0,0.0,6.0,True,0.0,0.0,0.0,4.0,0.0
2306.00062,revtex4-1,12,0,3.444121837615967,0.220184326171875,10.478314876556396,0.1163291931152343,False,486.0,285.0,0.0,0.0,46.0,2.0,37.0,16.0,True,0.0,0.0,1.0,3.0,0.0
2306.00165,jfm,0,0,12.749321460723875,0.1176002025604248,13.754452466964722,0.1688032150268554,False,459.0,219.0,1.0,0.0,67.0,-1.0,0.0,0.0,True,0.0,0.0,1.0,1.0,0.0
2306.01791,sn-jnl,0,0,10.727530717849731,0.1167948246002197,12.660710334777832,0.1692392826080322,False,1554.0,653.0,0.0,3.0,374.0,0.0,0.0,2.0,True,0.0,0.0,0.0,0.0,0.0
2306.01691,acmart,12,0,8.471011400222778,0.2194361686706543,35.58554124832153,0.1159954071044921,False,16774.0,8623.0,6.0,8.0,2948.0,7012.0,5915.0,79.0,True,0.0,0.0,5.0,5.0,-1.0
2306.00557,article,0,0,13.148930549621582,0.1174602508544921,14.1087007522583,0.1163163185119628,True,0.0,0.0,0.0,0.0,0.0,0.0,0.0,0.0,True,0.0,0.0,0.0,0.0,0.0
2306.07013,ecai,12,0,7.972774028778076,0.219480276107788,24.54223394393921,0.1162240505218505,False,6494.0,5205.0,0.0,0.0,163.0,5813.0,5086.0,81.0,True,0.0,0.0,1.0,1.0,0.0
2306.0396,article,0,0,16.978150606155396,0.1764264106750488,18.0360164642334,0.1699361801147461,True,7.0,7.0,0.0,0.0,0.0,0.0,0.0,2.0,True,0.0,0.0,0.0,0.0,0.0
2306.01803,revtex4-1,12,0,7.260366678237915,0.2208063602447509,22.79513907432556,0.1156857013702392,False,6950.0,5742.0,6.0,2.0,119.0,5222.0,4346.0,77.0,True,0.0,0.0,3.0,7.0,-1.0
2306.10905,revtex4,0,0,7.1584227085113525,0.1162502765655517,7.256482362747192,0.1164126396179199,True,8.0,8.0,0.0,0.0,0.0,0.0,0.0,2.0,True,0.0,0.0,0.0,0.0,0.0
2306.00131,mnras,0,0,15.263506889343262,0.1165573596954345,15.970882177352903,0.1168129444122314,False,154.0,0.0,0.0,0.0,37.0,0.0,0.0,0.0,True,0.0,0.0,0.0,0.0,0.0
2306.00155,amsart,0,0,11.177725315093994,0.1162977218627929,11.88052248954773,0.1702437400817871,False,10.0,10.0,0.0,0.0,0.0,0.0,0.0,2.0,True,0.0,0.0,0.0,0.0,0.0
2306.00161,cup-journal,12,0,6.455641746520996,8.34000849723816,29.05224609375,0.1165101528167724,True,10.0,10.0,0.0,0.0,0.0,8.0,8.0,3.0,True,0.0,0.0,0.0,0.0,0.0
2306.00205,elsarticle,12,0,4.151443958282471,0.2201876640319824,11.74654221534729,0.1170921325683593,False,12453.0,9649.0,3.0,1.0,570.0,9342.0,8126.0,82.0,True,0.0,0.0,1.0,1.0,-5.0
2306.00581,article,12,0,3.93784761428833,0.2200191020965576,11.744149446487429,0.1155986785888671,False,6888.0,5610.0,0.0,1.0,123.0,6197.0,5411.0,78.0,True,0.0,0.0,1.0,1.0,-2.0
2306.00691,revtex4-2,12,0,7.827607870101929,0.2169227600097656,24.312392711639404,0.1160342693328857,False,9428.0,7204.0,0.0,2.0,372.0,7611.0,6502.0,76.0,True,0.0,0.0,0.0,0.0,-1.0
2306.00456,CUP-JNL-JMJ,0,0,7.50581955909729,0.11692476272583,8.260745525360107,0.1713922023773193,True,10.0,10.0,0.0,0.0,0.0,0.0,0.0,2.0,True,0.0,0.0,0.0,0.0,0.0
2306.03275,revtex4-2,0,0,6.014980316162109,0.1716442108154297,6.608539819717407,0.1708588600158691,False,0.0,0.0,0.0,0.0,0.0,0.0,0.0,0.0,True,0.0,0.0,0.0,0.0,0.0
2306.00133,article,12,0,2.8415915966033936,0.2191786766052246,8.581340789794922,0.1697425842285156,False,5027.0,4300.0,0.0,0.0,1.0,4901.0,4262.0,77.0,True,0.0,0.0,0.0,2.0,-1.0
2306.00126,article,12,0,10.234957695007324,0.2722232341766357,31.332610607147217,0.1692779064178466,False,17154.0,12410.0,3.0,2.0,720.0,12370.0,9946.0,81.0,True,0.0,0.0,17.0,19.0,-5.0
2306.00927,article,12,0,30.530040979385376,0.2236626148223877,98.30804181098938,0.1680867671966552,False,3835.0,3254.0,0.0,0.0,9.0,3550.0,3109.0,69.0,True,0.0,0.0,1.0,1.0,-1.0
2306.00621,article,12,0,6.203799486160278,0.2191221714019775,24.265679121017456,0.1167564392089843,False,12289.0,6141.0,4.0,2.0,1991.0,4474.0,4283.0,76.0,True,0.0,0.0,0.0,6.0,-3.0
2306.00181,article,12,0,6.24936842918396,0.2170205116271972,31.77800679206848,0.1684927940368652,False,29715.0,20130.0,11.0,10.0,3122.0,11456.0,9621.0,80.0,True,0.0,0.0,5.0,5.0,-3.0
2306.03395,acmart,12,12,7.770938873291016,0.2162389755249023,13.0546395778656,10.122796297073364,False,38683.0,32520.0,0.0,0.0,9.0,38146.0,32226.0,89.0,True,0.0,0.0,2.0,2.0,-8.0
2306.03888,amsart,12,0,5.142640829086304,0.21720552444458,18.02400851249695,0.1679937839508056,False,5680.0,4831.0,0.0,0.0,15.0,4847.0,4515.0,87.0,True,0.0,0.0,4.0,4.0,-1.0
2306.00224,revtex4-2,0,0,8.765540838241577,0.1179714202880859,10.384296655654907,0.1716110706329345,False,15.0,10.0,0.0,0.0,0.0,3.0,0.0,2.0,True,0.0,0.0,2.0,2.0,0.0
2306.00034,book,12,0,24.584768056869507,0.2177379131317138,36.83384585380554,0.1668856143951416,False,31562.0,25563.0,0.0,0.0,3.0,30926.0,25391.0,88.0,True,0.0,0.0,1.0,5.0,-12.0
2306.00193,revtex4-1,12,0,4.300887584686279,0.2189369201660156,14.81240200996399,0.1724505424499511,False,5301.0,3689.0,4.0,7.0,632.0,-189.0,7.0,15.0,True,0.0,0.0,1.0,1.0,0.0
2306.00844,IEEEtran,12,0,3.539355516433716,0.2192978858947754,12.019597291946411,0.1689670085906982,False,6388.0,4930.0,1.0,0.0,199.0,5301.0,4574.0,76.0,True,0.0,0.0,3.0,5.0,-1.0
2306.00403,cas-dc,12,0,8.686204433441162,0.2206742763519287,42.76975631713867,0.1688401699066162,False,73200.0,50257.0,17.0,15.0,7720.0,35365.0,30511.0,181.0,False,1.0,0.0,7.0,7.0,-5.0
2306.04209,revtex4-1,12,12,5.20270562171936,0.2751991748809814,6.350691080093384,6.222254276275635,False,29793.0,19555.0,7.0,7.0,3154.0,15614.0,13295.0,90.0,True,0.0,0.0,3.0,3.0,-3.0
2306.01284,article,12,0,6.751577377319336,0.3267836570739746,31.19393253326416,0.1699867248535156,False,21471.0,13818.0,7.0,6.0,2090.0,12748.0,10528.0,84.0,True,0.0,0.0,1.0,1.0,-5.0
2306.01372,amsart,0,0,14.330843687057495,0.118884801864624,16.471120595932007,0.1685774326324463,False,123.0,122.0,0.0,0.0,0.0,1.0,0.0,2.0,True,0.0,0.0,0.0,0.0,0.0
2306.00286,IEEEtran,12,0,23.539082765579224,0.2165060043334961,42.47087073326111,0.2144067287445068,False,14191.0,9774.0,1.0,2.0,1020.0,10713.0,9231.0,83.0,True,0.0,0.0,1.0,3.0,-1.0
2306.01179,svproc,12,0,4.598945617675781,0.219404935836792,15.233837604522703,0.1710045337677002,False,4336.0,3423.0,0.0,0.0,131.0,3793.0,3328.0,71.0,True,0.0,0.0,1.0,1.0,-1.0
2306.00373,amsart,0,0,15.23641872406006,0.268477201461792,12.56813907623291,0.167579174041748,False,12.0,12.0,0.0,0.0,0.0,0.0,0.0,4.0,True,0.0,0.0,0.0,0.0,0.0
2306.01402,revtex4-2,0,0,27.267518520355225,0.2685856819152832,15.958866596221924,0.1664960384368896,True,7.0,7.0,0.0,0.0,0.0,0.0,0.0,2.0,True,0.0,0.0,0.0,0.0,0.0
2306.00178,article,0,0,45.376530170440674,0.2182478904724121,28.656513214111328,0.1811914443969726,False,210.0,208.0,0.0,0.0,1.0,0.0,0.0,2.0,True,0.0,0.0,0.0,0.0,0.0
2306.02136,article,12,0,5.669178485870361,0.3188507556915283,13.072287559509276,0.1188385486602783,False,3504.0,2154.0,1.0,5.0,369.0,2281.0,1917.0,67.0,True,0.0,0.0,3.0,3.0,0.0
2306.00053,SciPost,0,0,31.79838442802429,0.2675197124481201,21.40288519859314,0.2191295623779297,False,53.0,52.0,0.0,0.0,0.0,1.0,0.0,2.0,True,0.0,0.0,0.0,0.0,0.0
2306.09186,article,0,0,32.93691372871399,0.2176175117492675,22.694926261901852,0.1714179515838623,False,1.0,0.0,0.0,0.0,0.0,-1.0,0.0,0.0,True,0.0,0.0,0.0,0.0,0.0
2306.00048,revtex4-2,12,0,12.110150575637816,0.3694267272949219,16.061253786087036,0.1700079441070556,False,607.0,480.0,0.0,0.0,22.0,306.0,269.0,39.0,True,0.0,0.0,1.0,3.0,0.0
2306.15291,article,0,0,11.601719617843628,0.1675782203674316,8.114956855773926,0.1709086894989013,True,0.0,0.0,0.0,0.0,0.0,0.0,0.0,0.0,True,0.0,0.0,0.0,0.0,0.0
2306.00054,revtex4-2,0,0,17.989656686782837,0.2176008224487304,12.25781774520874,0.1687195301055908,True,0.0,0.0,0.0,0.0,0.0,0.0,0.0,0.0,True,0.0,0.0,0.0,4.0,0.0
2306.0088,,12,12,0.7768292427062988,0.7247054576873779,0.5728597640991211,0.5886447429656982,False,,,,,,,,,,,,,,
2306.10503,IEEEtran,12,12,6.647332429885864,0.3335127830505371,4.140569448471069,3.957630634307861,False,20948.0,14934.0,4.0,3.0,1496.0,15811.0,13343.0,82.0,True,0.0,0.0,2.0,2.0,-1.0
2306.00076,mnras,12,0,7.516887426376343,0.3688075542449951,19.842957973480225,0.1172840595245361,False,16768.0,7102.0,3.0,7.0,3321.0,5748.0,4551.0,73.0,True,0.0,0.0,2.0,4.0,-2.0
2306.00043,sn-jnl,0,0,24.15776944160461,0.2180328369140625,16.197552919387817,0.1757392883300781,True,35.0,35.0,0.0,0.0,0.0,0.0,0.0,2.0,True,0.0,0.0,0.0,0.0,0.0
2306.00163,aa,12,0,17.87331748008728,0.3691103458404541,12.502118110656738,24.11744260787964,False,125.0,124.0,0.0,0.0,0.0,-35.0,-26.0,12.0,True,0.0,0.0,2.0,2.0,0.0
2306.02303,article,12,0,10.81000566482544,0.267341136932373,32.271262407302856,0.1672461032867431,False,12745.0,8274.0,4.0,6.0,1333.0,6573.0,5534.0,72.0,True,0.0,0.0,9.0,15.0,-1.0
2306.00661,amsart,0,0,7.304068326950073,0.1156497001647949,6.658924102783203,0.1771724224090576,True,53.0,53.0,0.0,0.0,0.0,0.0,0.0,2.0,True,0.0,0.0,0.0,0.0,0.0
2306.16346,article,12,0,7.462301969528198,0.2182655334472656,20.91448855400085,0.1743497848510742,False,5707.0,4221.0,1.0,0.0,305.0,4387.0,3706.0,77.0,True,0.0,0.0,5.0,9.0,-1.0
2306.01799,article,12,12,5.755336284637451,5.254197359085083,6.034985065460205,5.701880216598511,False,0.0,0.0,0.0,0.0,0.0,0.0,0.0,0.0,True,0.0,0.0,0.0,0.0,0.0
2306.00008,article,12,0,6.974400043487549,0.269381046295166,29.64080810546875,0.1706836223602295,False,25912.0,20150.0,13.0,13.0,1735.0,11935.0,10163.0,77.0,True,0.0,0.0,1.0,1.0,-2.0
2306.02033,revtex4-2,12,0,5.700960159301758,0.277789831161499,18.900763273239136,0.1704959869384765,False,24479.0,19070.0,5.0,5.0,707.0,20002.0,16588.0,101.0,True,0.0,0.0,1.0,3.0,-6.0
2306.01544,article,0,0,18.42684555053711,0.1433711051940918,20.79185962677002,0.1682429313659668,False,33.0,33.0,0.0,0.0,0.0,0.0,0.0,2.0,True,0.0,0.0,0.0,0.0,0.0
2306.00916,amsart,0,0,11.226980924606323,0.1724011898040771,13.220432996749878,0.167933702468872,True,0.0,0.0,0.0,0.0,0.0,0.0,0.0,0.0,True,0.0,0.0,0.0,0.0,0.0
2306.06151,opticajnl,12,0,5.650135278701782,0.219815969467163,19.41321420669556,0.1698987483978271,False,1212.0,948.0,0.0,0.0,3.0,1120.0,883.0,69.0,True,0.0,0.0,3.0,3.0,0.0
2306.00372,IEEEtran,12,0,5.145187616348267,0.2172436714172363,22.0173122882843,0.1747128963470459,False,18249.0,11850.0,3.0,3.0,1738.0,11446.0,9971.0,89.0,True,0.0,0.0,1.0,5.0,-1.0
2306.0575,article,12,0,2.2812836170196533,2.1270852088928223,9.511715412139893,0.1181104183197021,False,,,,,,,,,,,,,,
2306.0049,iopart,12,12,0.3174107074737549,0.3172392845153808,0.3682515621185303,0.3739564418792724,False,,,,,,,,,,,,,,
2306.0006,mnras,0,0,12.75232982635498,0.1677455902099609,14.587208271026611,0.1667122840881347,True,11.0,11.0,0.0,0.0,0.0,0.0,0.0,2.0,True,0.0,0.0,0.0,0.0,0.0
2306.00279,IEEEtran,12,12,3.541078329086304,0.2243392467498779,3.962657928466797,3.844978094100952,False,7162.0,5430.0,0.0,0.0,216.0,5374.0,4793.0,72.0,True,0.0,0.0,0.0,2.0,-1.0
2306.0059,amsart,0,0,7.512332439422607,0.1185994148254394,8.227633953094482,0.1162302494049072,True,110.0,110.0,0.0,0.0,0.0,8.0,8.0,4.0,True,0.0,0.0,0.0,0.0,0.0
2306.00343,IEEEtran,0,0,4.539021968841553,0.1163384914398193,5.2969396114349365,0.1168384552001953,True,6.0,6.0,0.0,0.0,0.0,0.0,0.0,2.0,True,0.0,0.0,0.0,0.0,0.0
2306.122,elsarticle,0,0,22.590245723724365,0.1177058219909668,17.287737131118774,0.1675279140472412,True,0.0,0.0,0.0,0.0,0.0,0.0,0.0,0.0,True,0.0,0.0,0.0,0.0,0.0
2306.02062,IEEEtran,0,0,10.68884539604187,0.1173439025878906,13.086674451828005,0.1680514812469482,True,0.0,0.0,0.0,0.0,0.0,0.0,0.0,0.0,True,0.0,0.0,0.0,0.0,0.0
2306.01308,revtex4,0,0,6.098373651504517,0.1174821853637695,7.673485994338989,0.1768765449523925,False,0.0,0.0,0.0,0.0,0.0,0.0,0.0,0.0,True,0.0,0.0,0.0,0.0,0.0
2306.00371,article,12,0,3.238328218460083,0.2205004692077636,7.491664171218872,0.167201280593872,False,390.0,262.0,0.0,0.0,3.0,-141.0,90.0,12.0,True,0.0,0.0,0.0,0.0,0.0
2306.0174,elsarticle,12,0,5.402321577072144,0.270587682723999,22.00367259979248,0.1697187423706054,False,15954.0,8140.0,4.0,8.0,2866.0,4692.0,4307.0,74.0,True,0.0,0.0,0.0,2.0,-1.0
2306.01592,article,0,0,5.554882764816284,0.1692943572998047,5.836978435516357,0.1163139343261718,True,32.0,32.0,0.0,0.0,0.0,0.0,0.0,2.0,True,0.0,0.0,0.0,0.0,0.0
2306.00883,revtex4-1,12,0,6.310096025466919,0.21980881690979,21.299105644226078,0.167004108428955,False,10578.0,5878.0,0.0,0.0,1227.0,6877.0,5479.0,83.0,True,0.0,0.0,2.0,4.0,-1.0
2306.0019,ceurart,12,0,7.426215410232544,0.2736036777496338,28.585711002349854,0.1673595905303955,False,2750.0,2260.0,2.0,1.0,67.0,2199.0,1877.0,75.0,True,0.0,0.0,3.0,5.0,-1.0
2306.00203,INTERSPEECH2023,12,12,4.242819309234619,0.2200255393981933,4.760716438293457,0.2725582122802734,True,472.0,0.0,0.0,0.0,193.0,0.0,0.0,0.0,True,0.0,0.0,0.0,0.0,0.0
2306.0192,article,12,0,6.151411294937134,0.2179772853851318,27.01514720916748,0.1694810390472412,False,23009.0,11568.0,15.0,6.0,4262.0,5721.0,4736.0,75.0,True,0.0,0.0,7.0,9.0,-1.0
2306.05701,acmart,12,0,9.723351001739502,0.2729759216308594,35.03823804855347,0.1668593883514404,False,9810.0,7264.0,0.0,0.0,609.0,7780.0,7011.0,81.0,True,0.0,0.0,0.0,0.0,-2.0
2306.03987,article,12,0,3.252420425415039,0.2205698490142822,10.226933240890505,0.1166236400604248,False,11300.0,9602.0,0.0,0.0,2.0,10846.0,9442.0,78.0,True,0.0,0.0,1.0,1.0,-2.0
2306.01838,article,0,0,15.153601169586182,0.1695878505706787,16.811826467514038,0.2219502925872802,True,30.0,30.0,0.0,0.0,0.0,0.0,0.0,2.0,True,0.0,0.0,0.0,2.0,0.0
2306.0443,article,0,0,4.397838592529297,0.1197531223297119,5.052790403366089,0.1719646453857422,False,137.0,114.0,0.0,0.0,9.0,-1.0,0.0,0.0,True,0.0,0.0,0.0,0.0,0.0
2306.00331,INTERSPEECH2023,0,0,12.40171766281128,0.1763179302215576,14.922037601470947,0.1694555282592773,False,0.0,0.0,0.0,0.0,0.0,0.0,0.0,0.0,True,0.0,0.0,0.0,0.0,0.0
2306.10048,acmart,12,0,13.04511046409607,0.2724835872650146,58.8691942691803,0.1788556575775146,False,76292.0,54181.0,11.0,11.0,5503.0,58034.0,49157.0,92.0,True,0.0,0.0,4.0,12.0,-11.0
2306.02692,article,0,0,30.681846141815186,0.1165165901184082,34.75056076049805,0.1665771007537841,False,2.0,0.0,0.0,0.0,0.0,-2.0,0.0,0.0,True,0.0,0.0,0.0,6.0,0.0
2306.00145,article,0,0,51.984466552734375,0.1779563426971435,63.97317457199097,0.1670279502868652,True,0.0,0.0,0.0,0.0,0.0,0.0,0.0,0.0,True,0.0,0.0,0.0,4.0,0.0
2306.00268,article,0,0,50.54567313194275,0.323110818862915,36.03512167930603,0.1695845127105713,True,271.0,271.0,0.0,0.0,0.0,0.0,0.0,2.0,True,0.0,0.0,0.0,0.0,0.0
2306.00575,acmart,0,0,25.018945693969727,0.2178554534912109,15.2267906665802,0.1659693717956543,False,0.0,0.0,0.0,0.0,0.0,0.0,0.0,0.0,True,0.0,0.0,0.0,0.0,0.0
2306.00631,amsart,0,0,14.73444938659668,0.2179656028747558,10.089570999145508,0.1693568229675293,False,0.0,0.0,0.0,0.0,0.0,0.0,0.0,0.0,True,0.0,0.0,0.0,0.0,0.0
2306.009,revtex4-1,0,0,20.721162796020508,0.1671702861785888,14.153827905654907,0.1747274398803711,False,14.0,8.0,0.0,0.0,1.0,0.0,0.0,2.0,True,0.0,0.0,0.0,0.0,0.0
2306.00004,llncs,12,0,12.675754308700562,0.3690035343170166,21.48231148719788,0.1740949153900146,False,16469.0,12214.0,2.0,5.0,971.0,12762.0,11270.0,81.0,True,0.0,0.0,0.0,6.0,-5.0
2306.00147,IEEEtran,12,12,16.661545515060425,0.318875789642334,13.16868281364441,13.117039680480955,False,9482.0,7410.0,11.0,5.0,282.0,5186.0,4697.0,73.0,True,0.0,0.0,0.0,2.0,0.0
2306.00167,wiley-article,12,0,13.526572942733765,0.3183305263519287,25.56703400611877,0.1667189598083496,False,3798.0,3091.0,0.0,1.0,64.0,3306.0,2958.0,77.0,True,0.0,0.0,1.0,3.0,-1.0
2306.00056,revtex4-2,12,12,7.368762969970703,0.3182454109191894,4.965466737747192,4.947885990142822,False,5371.0,4377.0,1.0,1.0,29.0,4730.0,3805.0,73.0,True,0.0,0.0,7.0,7.0,-1.0
2306.03855,acmart,12,0,13.92959189414978,0.3687663078308105,25.75483226776123,0.1690020561218261,False,10599.0,8855.0,0.0,0.0,9.0,10126.0,8656.0,84.0,True,0.0,0.0,0.0,0.0,-1.0
2306.00921,revtex4-2,12,12,8.151146650314331,0.318415880203247,11.29107904434204,5.770835638046265,False,19434.0,13567.0,3.0,3.0,1640.0,12274.0,10621.0,79.0,True,0.0,0.0,0.0,0.0,-3.0
2306.01629,revtex4,0,0,7.869232654571533,0.167316198348999,5.250160455703735,0.1158676147460937,True,0.0,0.0,0.0,0.0,0.0,0.0,0.0,0.0,True,0.0,0.0,0.0,0.0,0.0
2306.12056,article,12,0,10.200944900512695,0.3188233375549316,22.383150100708008,0.1668667793273925,False,9296.0,7452.0,1.0,4.0,84.0,8329.0,6767.0,76.0,False,2.0,0.0,0.0,4.0,-1.0
2306.00767,sn-jnl,12,0,8.97803020477295,0.3179802894592285,21.071316242218018,0.1699397563934326,False,12474.0,7323.0,5.0,1.0,1715.0,6280.0,5303.0,80.0,True,0.0,0.0,2.0,12.0,-2.0
2306.00025,acmart,12,12,18.83257222175598,0.4188780784606933,16.625062704086304,14.416054725646973,False,16529.0,14117.0,0.0,0.0,2.0,16322.0,14004.0,81.0,True,0.0,0.0,0.0,0.0,-2.0
2306.00512,revtex4-1,12,0,5.801986455917358,0.318169355392456,12.664584875106812,0.1738157272338867,False,8416.0,4428.0,1.0,2.0,1243.0,3878.0,3370.0,77.0,True,0.0,0.0,0.0,0.0,-1.0
2306.0013,elsarticle,0,0,13.563920497894289,0.1676650047302246,9.660825729370115,0.1661152839660644,True,0.0,0.0,0.0,0.0,0.0,0.0,0.0,0.0,True,0.0,0.0,0.0,0.0,0.0
2306.00994,revtex4-1,12,12,5.307484149932861,0.3184611797332763,3.926635980606079,3.6457345485687256,False,8799.0,7508.0,5.0,2.0,5.0,8240.0,7021.0,80.0,True,0.0,0.0,1.0,3.0,-1.0
2306.00442,IEEEtran,0,0,22.600274801254272,0.2174148559570312,15.215877771377563,0.2207415103912353,False,2.0,2.0,0.0,0.0,0.0,0.0,0.0,2.0,True,0.0,0.0,0.0,0.0,0.0
2306.00679,amsart,0,0,17.27337145805359,0.2186367511749267,11.903279304504396,0.1782305240631103,False,43.0,40.0,0.0,0.0,0.0,-3.0,0.0,2.0,True,0.0,0.0,0.0,0.0,0.0
2306.00845,acmart,0,0,23.58535623550415,0.2539939880371094,15.820995330810549,0.1698641777038574,False,0.0,0.0,0.0,0.0,0.0,0.0,0.0,0.0,True,0.0,0.0,0.0,0.0,0.0
2306.04271,acmart,0,0,21.15402889251709,0.171687364578247,15.773272037506104,0.1664881706237793,False,1625.0,436.0,1.0,1.0,358.0,-26.0,-1.0,1.0,True,0.0,0.0,0.0,0.0,1.0
2306.02925,article,0,0,10.806213855743408,0.1177687644958496,14.747735261917114,0.2288169860839843,False,5.0,5.0,0.0,0.0,0.0,0.0,0.0,2.0,True,0.0,0.0,0.0,0.0,0.0
2306.00655,NST,0,0,11.18289589881897,0.1699259281158447,12.35843300819397,0.1717996597290039,True,0.0,0.0,0.0,0.0,0.0,0.0,0.0,0.0,True,0.0,0.0,0.0,0.0,0.0
2306.0034,revtex4-2,12,12,11.398550748825071,0.2166204452514648,15.440090417861938,16.308184385299683,False,47735.0,23798.0,17.0,14.0,9069.0,9564.0,8217.0,79.0,True,0.0,0.0,1.0,1.0,-2.0
2306.00039,jpconf,0,0,8.038151025772095,0.1158893108367919,11.23326849937439,0.2246637344360351,True,24.0,24.0,0.0,0.0,0.0,0.0,0.0,2.0,True,0.0,0.0,0.0,0.0,0.0
2306.01663,amsart,0,0,9.217231035232544,0.168381929397583,10.143927812576294,0.1705272197723388,True,0.0,0.0,0.0,0.0,0.0,0.0,0.0,0.0,True,0.0,0.0,0.0,0.0,0.0
2306.00334,amsart,0,0,7.110362768173218,0.1729743480682373,7.181448221206665,0.1166348457336425,True,0.0,0.0,0.0,0.0,0.0,0.0,0.0,0.0,True,0.0,0.0,0.0,0.0,0.0
2306.00397,amsart,12,0,4.492651700973511,0.2184436321258545,16.631651878356934,0.168384313583374,False,5862.0,4852.0,0.0,0.0,0.0,4285.0,4196.0,79.0,True,0.0,0.0,0.0,2.0,-1.0
2306.00678,revtex4-2,12,0,6.316289186477661,6.047725677490234,18.631518602371216,0.3655667304992676,False,0.0,0.0,0.0,0.0,0.0,0.0,0.0,0.0,True,0.0,0.0,0.0,0.0,0.0
2306.01825,amsart,0,0,8.064731121063232,0.1179959774017334,12.0004301071167,0.1678378582000732,True,58.0,58.0,0.0,0.0,0.0,0.0,0.0,2.0,True,0.0,0.0,0.0,0.0,0.0
2306.01063,amsart,0,0,25.54953694343567,0.168734073638916,41.14953351020813,0.1681606769561767,True,36.0,36.0,0.0,0.0,0.0,0.0,0.0,4.0,True,0.0,0.0,0.0,0.0,0.0
2306.00702,article,0,0,9.918771028518677,0.1775166988372802,15.547265529632568,0.2195422649383545,False,0.0,0.0,0.0,0.0,0.0,0.0,0.0,0.0,True,0.0,0.0,0.0,0.0,0.0
2306.0349,llncs,0,0,17.811745405197144,0.1695911884307861,26.08423447608948,0.222059965133667,True,4.0,4.0,0.0,0.0,0.0,0.0,0.0,2.0,True,0.0,0.0,0.0,0.0,0.0
2306.07988,elsarticle,12,0,4.943928241729736,0.2234547138214111,25.638096570968628,0.1659064292907714,False,19879.0,15114.0,2.0,2.0,958.0,16101.0,14469.0,87.0,True,0.0,0.0,0.0,0.0,-9.0
2306.05939,revtex4-2,12,0,4.291543006896973,0.2173612117767334,16.565681219100952,0.1709799766540527,False,400.0,255.0,0.0,0.0,6.0,-181.0,21.0,13.0,True,0.0,0.0,0.0,0.0,0.0
2306.01965,revtex4-2,12,0,7.032286882400513,0.2194089889526367,36.904780864715576,0.1697936058044433,False,12956.0,10025.0,2.0,5.0,592.0,8638.0,7309.0,87.0,True,0.0,0.0,1.0,3.0,-1.0
2306.07731,amsart,0,0,21.733253717422485,0.1168773174285888,30.9443154335022,0.1683309078216552,False,146.0,67.0,0.0,0.0,31.0,0.0,0.0,2.0,True,0.0,0.0,0.0,4.0,0.0
2306.00002,elsarticle,12,0,4.64021110534668,0.2173137664794922,22.3349883556366,0.1691079139709472,False,6515.0,5514.0,0.0,0.0,6.0,6290.0,5324.0,77.0,True,0.0,0.0,4.0,6.0,-2.0
2306.00007,article,12,0,4.35905647277832,0.2182471752166748,15.900902032852173,0.1747579574584961,False,4139.0,3430.0,2.0,2.0,95.0,3475.0,3052.0,76.0,True,0.0,0.0,0.0,0.0,0.0
2306.00308,article,12,0,7.457126617431641,0.2707381248474121,31.093021154403687,0.1706368923187255,False,9512.0,7362.0,0.0,1.0,296.0,7593.0,6695.0,84.0,True,0.0,0.0,0.0,0.0,-3.0
2306.01192,elsarticle,12,0,6.363327503204346,0.2201402187347412,24.655750513076782,0.1669387817382812,False,23548.0,16460.0,13.0,11.0,2535.0,7545.0,6505.0,86.0,True,0.0,0.0,1.0,3.0,-1.0
2306.00981,revtex4-2,0,0,8.723701238632202,0.1703944206237793,12.9375102519989,0.1662003993988037,True,0.0,0.0,0.0,0.0,0.0,0.0,0.0,0.0,True,0.0,0.0,0.0,0.0,0.0
2306.00209,amsart,12,0,3.789447546005249,0.2188231945037841,17.0733425617218,0.1670129299163818,False,7114.0,5006.0,0.0,0.0,487.0,5410.0,4610.0,84.0,True,0.0,0.0,6.0,8.0,-1.0
2306.00107,article,0,0,14.168592929840088,0.1685004234313964,19.0597186088562,0.2207775115966797,False,155.0,91.0,0.0,1.0,24.0,0.0,0.0,0.0,True,0.0,0.0,0.0,0.0,0.0
2306.01625,amsart,0,0,33.17812776565552,0.1759669780731201,57.97811651229858,0.1668944358825683,False,23.0,22.0,0.0,0.0,0.0,-1.0,0.0,2.0,True,0.0,0.0,0.0,16.0,0.0
2306.00089,elsarticle,12,0,10.12480902671814,0.2174117565155029,54.640811920166016,0.1668236255645752,False,13791.0,11466.0,0.0,0.0,85.0,12908.0,11182.0,85.0,True,0.0,0.0,0.0,2.0,-4.0
2306.00773,agujournal2019,12,12,4.868361711502075,0.2210400104522705,6.523930549621582,6.588390588760376,False,11861.0,10095.0,0.0,0.0,0.0,11766.0,10041.0,75.0,True,0.0,0.0,1.0,1.0,-3.0
2306.00388,mnras,12,0,12.61222243309021,0.2195577621459961,63.64387249946594,0.1702804565429687,False,25376.0,15624.0,11.0,8.0,3330.0,8435.0,6856.0,76.0,True,0.0,0.0,5.0,13.0,-2.0
2306.00073,revtex4-2,0,0,8.265840768814087,0.1727614402770996,10.92051911354065,0.168248176574707,True,0.0,0.0,0.0,0.0,0.0,0.0,0.0,0.0,True,0.0,0.0,0.0,0.0,0.0
2306.00717,IEEEtran,12,0,4.5527894496917725,0.2194471359252929,22.02341151237488,0.1662807464599609,False,5912.0,4152.0,1.0,6.0,364.0,4097.0,3555.0,78.0,True,0.0,0.0,0.0,2.0,-2.0
2306.00269,article,0,0,3.501692295074463,0.1175992488861084,4.863572359085083,0.1821882724761963,True,0.0,0.0,0.0,0.0,0.0,0.0,0.0,0.0,True,0.0,0.0,0.0,0.0,0.0
2306.00216,amsart,0,0,9.414743661880491,0.1181414127349853,13.394492149353027,0.1693396568298339,False,0.0,0.0,0.0,0.0,0.0,0.0,0.0,0.0,True,0.0,0.0,0.0,0.0,0.0
2306.00296,article,0,0,10.926901578903198,0.1188249588012695,14.641519784927368,0.1681547164916992,False,82.0,82.0,0.0,0.0,0.0,0.0,0.0,2.0,True,0.0,0.0,0.0,0.0,0.0
2306.00681,IEEEtran,12,0,5.245556354522705,0.2194466590881347,21.50491499900818,0.1701929569244384,False,17714.0,10183.0,10.0,9.0,2768.0,4345.0,3975.0,77.0,True,0.0,0.0,0.0,2.0,0.0
2306.01745,article,12,0,9.839580297470093,0.274869441986084,42.09819149971008,0.1152520179748535,False,16456.0,13664.0,0.0,0.0,54.0,16061.0,13452.0,85.0,True,0.0,0.0,4.0,4.0,-3.0
2306.03822,article,12,0,4.089566707611084,4.042577028274536,73.17463397979736,0.173344612121582,False,,,,,,,,,,,,,,
2306.13655,article,0,0,9.06286907196045,0.1167023181915283,9.269278049468994,0.1172935962677002,True,14.0,14.0,0.0,0.0,0.0,0.0,0.0,2.0,True,0.0,0.0,0.0,0.0,0.0
2306.05379,mhd,12,0,2.783205509185791,0.217527151107788,8.945388555526733,0.118650197982788,False,4103.0,3140.0,1.0,1.0,160.0,3234.0,2799.0,76.0,True,0.0,0.0,0.0,2.0,-2.0
2306.00031,,12,12,0.9824929237365724,0.4898862838745117,0.6194031238555908,0.5700063705444336,False,,,,,,,,,,,,,,
2306.00474,amsart,0,0,10.0720956325531,0.1747636795043945,10.880757093429564,0.1678032875061035,True,0.0,0.0,0.0,0.0,0.0,0.0,0.0,0.0,True,0.0,0.0,0.0,0.0,0.0
2306.06,article,12,0,4.347175598144531,0.2213521003723144,13.698225259780884,0.1701841354370117,False,12844.0,10857.0,0.0,0.0,12.0,12363.0,10697.0,81.0,True,0.0,0.0,0.0,2.0,-3.0
2306.00235,article,0,0,18.33259415626526,0.1155850887298584,20.11618995666504,0.1710965633392334,True,7.0,7.0,0.0,0.0,0.0,0.0,0.0,2.0,True,0.0,0.0,0.0,0.0,0.0
2306.00045,article,12,0,19.72867202758789,0.2733478546142578,63.84117817878723,0.1684608459472656,False,14361.0,8741.0,3.0,2.0,1790.0,8791.0,7592.0,75.0,True,0.0,0.0,1.0,1.0,-2.0
2306.00225,amsart,0,0,5.8511717319488525,0.166762113571167,5.601760387420654,0.1159453392028808,True,18.0,18.0,0.0,0.0,0.0,0.0,0.0,2.0,True,0.0,0.0,0.0,0.0,0.0
2306.01842,revtex4-1,12,0,3.957098007202149,0.2178559303283691,7.168836832046509,0.1154098510742187,False,3115.0,1117.0,0.0,1.0,780.0,166.0,168.0,17.0,True,0.0,0.0,0.0,2.0,0.0
2306.03059,revtex4-2,12,0,22.252960205078125,0.2176721096038818,28.360053539276123,0.1701562404632568,False,4101.0,3486.0,0.0,0.0,0.0,3939.0,3431.0,71.0,True,0.0,0.0,2.0,4.0,0.0
2306.03763,article,12,0,5.915030956268311,0.2752244472503662,16.978204488754272,0.1688637733459472,False,6324.0,4759.0,0.0,1.0,309.0,5408.0,4593.0,74.0,True,0.0,0.0,1.0,1.0,-1.0
2306.00378,acmart,0,0,24.067286491394043,0.1677114963531494,19.843003511428837,0.1666693687438964,False,3.0,0.0,0.0,0.0,0.0,3.0,0.0,0.0,True,0.0,0.0,0.0,0.0,0.0
2306.15076,acmart,12,0,8.533453941345215,0.278425931930542,32.57245993614197,0.1181211471557617,False,37034.0,26371.0,16.0,11.0,3440.0,19158.0,16564.0,83.0,True,0.0,0.0,4.0,4.0,-3.0
2306.00051,revtex4-2,12,0,4.756983995437622,0.2784316539764404,11.733901500701904,0.1179409027099609,False,7452.0,6080.0,2.0,1.0,51.0,6961.0,5751.0,78.0,True,0.0,0.0,4.0,8.0,-1.0
2306.00363,revtex4-2,12,0,7.719173431396484,0.2724416255950928,21.061676263809204,0.1696963310241699,False,13018.0,9416.0,6.0,3.0,919.0,9265.0,7888.0,86.0,True,0.0,0.0,0.0,6.0,-2.0
2306.00741,amsart,0,0,2.230717897415161,0.118459939956665,2.0277228355407715,0.1189131736755371,True,0.0,0.0,0.0,0.0,0.0,0.0,0.0,0.0,True,0.0,0.0,0.0,0.0,0.0
2306.00471,amsart,12,0,26.83733940124512,0.2697498798370361,102.26093673706056,0.1165955066680908,False,11267.0,6803.0,2.0,5.0,1432.0,5484.0,4706.0,90.0,True,0.0,0.0,10.0,12.0,-2.0
2306.00569,revtex4-2,0,0,8.315736055374146,0.115924596786499,7.257460355758667,0.1748254299163818,False,42.0,27.0,0.0,0.0,3.0,-1.0,0.0,2.0,True,0.0,0.0,0.0,0.0,0.0
2306.00059,iau,0,0,10.2354576587677,0.1165566444396972,9.720566511154177,0.1167740821838378,True,0.0,0.0,0.0,0.0,0.0,0.0,0.0,0.0,True,0.0,0.0,0.0,0.0,0.0
2306.00322,revtex4-1,12,12,2.935187816619873,0.2173879146575927,2.5366523265838623,2.482569694519043,False,6397.0,3020.0,11.0,8.0,1363.0,-134.0,71.0,14.0,True,0.0,0.0,2.0,2.0,0.0
2306.00109,amsart,0,0,7.311878442764282,0.116105318069458,6.51765513420105,0.1161854267120361,True,0.0,0.0,0.0,0.0,0.0,0.0,0.0,0.0,True,0.0,0.0,0.0,0.0,0.0
2306.00436,revtex4-2,12,0,4.9964988231658936,0.2669298648834228,16.10603380203247,0.1160273551940918,False,15496.0,7950.0,9.0,5.0,2699.0,4416.0,3687.0,74.0,True,0.0,0.0,2.0,2.0,-1.0
2306.05803,article,12,0,6.6077964305877686,0.2372767925262451,16.43188452720642,0.1745157241821289,False,4747.0,2735.0,2.0,4.0,712.0,2584.0,2205.0,77.0,True,0.0,0.0,0.0,0.0,0.0
2306.01294,amsart,0,0,24.913807153701782,0.1162045001983642,20.60664367675781,0.1167278289794921,True,223.0,223.0,0.0,0.0,0.0,0.0,0.0,2.0,True,0.0,0.0,0.0,0.0,0.0
2306.0151,amsart,0,0,14.82021427154541,0.1679978370666504,14.161940813064575,0.1156830787658691,False,0.0,0.0,0.0,0.0,0.0,0.0,0.0,0.0,True,0.0,0.0,0.0,0.0,0.0
2306.00116,amsart,0,0,11.382471561431885,0.1719598770141601,10.423863887786863,0.1160476207733154,False,2.0,2.0,0.0,0.0,0.0,0.0,0.0,2.0,True,0.0,0.0,0.0,0.0,0.0
2306.00818,article,12,0,14.400247812271118,0.2179999351501464,33.81272888183594,0.1163134574890136,False,17711.0,10532.0,8.0,8.0,2675.0,4768.0,4270.0,78.0,True,0.0,0.0,1.0,7.0,-2.0
2306.00075,ieeeconf,12,12,5.955950736999512,0.2176754474639892,5.5478692054748535,5.562286853790283,False,15812.0,12022.0,4.0,3.0,716.0,13163.0,11070.0,85.0,True,0.0,0.0,3.0,3.0,-1.0
2306.01235,amsart,0,0,3.1844193935394287,0.1180951595306396,3.1314024925231934,0.1156783103942871,True,0.0,0.0,0.0,0.0,0.0,0.0,0.0,0.0,True,0.0,0.0,0.0,0.0,0.0
2306.02394,revtex4,0,0,4.697466135025024,0.117366075515747,4.488603353500366,0.1167848110198974,True,174.0,174.0,0.0,0.0,0.0,0.0,0.0,2.0,True,0.0,0.0,0.0,0.0,0.0
2306.00249,article,12,TIMED_OUT,66.8955729007721,0.2730183601379394,-1.0,-1.0,False,12885.0,10628.0,0.0,0.0,87.0,12147.0,10351.0,85.0,True,0.0,0.0,1.0,9.0,-2.0
2306.01903,elsarticle,12,0,10.190797805786133,0.2712159156799316,53.114370346069336,0.1665487289428711,False,31123.0,24361.0,4.0,7.0,1164.0,23297.0,20357.0,96.0,True,0.0,0.0,3.0,3.0,-11.0
2306.08248,revtex4-2,12,0,6.867635250091553,0.2170274257659912,24.117175579071045,0.1699757575988769,False,6736.0,5702.0,8.0,2.0,79.0,4369.0,3708.0,82.0,True,0.0,0.0,0.0,0.0,0.0
2306.00009,acmart,12,0,7.113829851150513,0.2769496440887451,24.925358533859253,0.1157484054565429,False,16493.0,13894.0,0.0,0.0,122.0,16044.0,13800.0,83.0,True,0.0,0.0,0.0,0.0,-2.0
2306.0042,llncs,0,0,10.538187265396118,0.1727149486541748,11.04404354095459,0.1674811840057373,False,294.0,218.0,0.0,0.0,21.0,0.0,0.0,2.0,True,0.0,0.0,0.0,0.0,0.0
2306.00166,svjour3,0,0,16.81637978553772,0.1691045761108398,20.999454736709595,0.1670467853546142,True,0.0,0.0,0.0,0.0,0.0,0.0,0.0,0.0,True,0.0,0.0,0.0,0.0,0.0
2306.00159,article,0,0,6.957705497741699,0.1701164245605468,9.940701246261597,0.1160645484924316,True,0.0,0.0,0.0,0.0,0.0,0.0,0.0,0.0,True,0.0,0.0,0.0,0.0,0.0
2306.09529,article,0,0,13.865975141525269,0.1161906719207763,16.366003036499023,0.1666154861450195,True,0.0,0.0,0.0,0.0,0.0,0.0,0.0,0.0,True,0.0,0.0,0.0,0.0,0.0
2306.16731,article,12,0,5.960383176803589,0.2181329727172851,22.801580667495728,0.1164093017578125,False,6448.0,4608.0,4.0,6.0,661.0,2085.0,1759.0,69.0,True,0.0,0.0,1.0,1.0,-2.0
2306.00158,aastex63,0,0,14.919669389724731,0.1171631813049316,21.52984857559204,0.2388172149658203,False,50.0,50.0,0.0,0.0,0.0,0.0,0.0,8.0,True,0.0,0.0,0.0,0.0,0.0
2306.00026,jmlr,0,0,13.298083066940308,0.1665406227111816,13.794068574905396,0.1736493110656738,False,102.0,102.0,0.0,0.0,0.0,0.0,0.0,2.0,True,0.0,0.0,0.0,0.0,0.0
2306.00991,amsart,0,0,9.821335315704346,0.1172337532043457,9.323148727416992,0.1167511940002441,True,0.0,0.0,0.0,0.0,0.0,0.0,0.0,0.0,True,0.0,0.0,0.0,0.0,0.0
2306.05217,revtex4-2,12,0,7.326249361038208,0.2680373191833496,13.404948949813845,0.1694371700286865,False,1131.0,410.0,0.0,0.0,218.0,-134.0,-10.0,17.0,True,0.0,0.0,1.0,1.0,0.0
2306.00422,revtex4-1,0,0,9.327062129974363,0.1200709342956543,9.167663335800173,0.1173646450042724,False,193.0,29.0,0.0,0.0,43.0,2.0,0.0,0.0,True,0.0,0.0,0.0,0.0,0.0
2306.01441,amsart,0,0,6.611293315887451,0.1691241264343261,6.01713490486145,0.1162014007568359,False,29.0,29.0,0.0,0.0,0.0,0.0,0.0,2.0,True,0.0,0.0,0.0,0.0,0.0
2306.00027,IEEEtran,0,0,23.198318481445312,0.1722548007965088,26.10311079025269,0.1165354251861572,False,940.0,152.0,1.0,2.0,316.0,-4.0,7.0,11.0,True,0.0,0.0,0.0,0.0,0.0
2306.00064,revtex4-2,12,0,3.2902867794036865,0.2181434631347656,10.93478298187256,0.1722452640533447,False,7073.0,5599.0,0.0,0.0,118.0,6434.0,5460.0,77.0,True,0.0,0.0,1.0,1.0,-1.0
2306.02434,IEEEapm,12,12,2.329796314239502,0.2206490039825439,2.2818195819854736,2.232151985168457,False,24200.0,20355.0,0.0,0.0,0.0,24150.0,20326.0,78.0,True,0.0,0.0,0.0,0.0,-3.0
2306.07778,elsarticle,12,0,4.9070422649383545,0.2703800201416015,19.9557101726532,0.1164760589599609,False,31682.0,17880.0,12.0,14.0,5246.0,9546.0,8387.0,81.0,True,0.0,0.0,0.0,2.0,-1.0
2306.00819,optica-article,12,0,6.126949310302734,0.2198512554168701,27.114105939865112,0.1672544479370117,False,3794.0,3119.0,0.0,0.0,9.0,3622.0,3068.0,72.0,True,0.0,0.0,5.0,7.0,-1.0
2306.03768,amsproc,0,0,9.581639051437378,0.1708378791809082,11.44639801979065,0.1152234077453613,True,22.0,22.0,0.0,0.0,0.0,0.0,0.0,2.0,True,0.0,0.0,0.0,0.0,0.0
2306.00141,amsart,0,0,22.525787353515625,0.167234182357788,30.23812055587769,0.1666288375854492,False,42.0,42.0,0.0,0.0,0.0,0.0,0.0,2.0,True,0.0,0.0,0.0,0.0,0.0
2306.01949,revtex4,12,0,5.297752141952515,0.2179038524627685,24.2133104801178,0.1156060695648193,False,9120.0,7456.0,0.0,0.0,60.0,8670.0,7239.0,77.0,True,0.0,0.0,3.0,3.0,-1.0
2306.00154,article,0,0,36.739830493927,0.1661069393157959,41.10227155685425,0.1696040630340576,False,1394.0,1393.0,0.0,0.0,0.0,-1.0,0.0,4.0,True,0.0,0.0,0.0,0.0,0.0
2306.00287,mnras,12,0,5.043977975845337,0.268693208694458,19.556082725524902,0.1699495315551757,False,24287.0,15029.0,9.0,12.0,3335.0,5705.0,4508.0,82.0,True,0.0,0.0,4.0,6.0,-1.0
2306.0051,article,0,0,3.8926806449890137,0.1701815128326416,4.147222280502319,0.1156713962554931,True,14.0,14.0,0.0,0.0,0.0,0.0,0.0,2.0,True,0.0,0.0,0.0,0.0,0.0
2306.00727,amsart,0,0,14.515735387802124,0.1167654991149902,15.369922876358032,0.1713314056396484,True,13.0,13.0,0.0,0.0,0.0,0.0,0.0,2.0,True,0.0,0.0,0.0,0.0,0.0
2306.00493,article,0,0,7.305861711502075,0.1161704063415527,7.725723505020142,0.1160323619842529,True,16.0,16.0,0.0,0.0,0.0,0.0,0.0,2.0,True,0.0,0.0,0.0,0.0,0.0
2306.00408,IEEEtran,0,0,6.811082363128662,0.1765668392181396,7.6152663230896,0.1757521629333496,True,0.0,0.0,0.0,0.0,0.0,0.0,0.0,0.0,True,0.0,0.0,0.0,0.0,0.0
2306.00882,amsart,0,0,3.44111967086792,0.1157934665679931,4.295438528060913,0.2173020839691162,True,0.0,0.0,0.0,0.0,0.0,0.0,0.0,0.0,True,0.0,0.0,0.0,0.0,0.0
2306.00464,acmart,12,0,10.091341257095335,0.2725865840911865,32.095351219177246,0.1158134937286377,False,7892.0,6877.0,1.0,0.0,3.0,7373.0,6419.0,76.0,True,0.0,0.0,1.0,1.0,-1.0
2306.02764,elsarticle,12,0,6.354397773742676,0.2702243328094482,19.33698511123657,0.1172316074371337,False,4079.0,2775.0,1.0,0.0,268.0,2639.0,2428.0,73.0,True,0.0,0.0,1.0,5.0,-2.0
2306.00278,amsart,0,0,7.913821220397949,0.1159720420837402,7.465258836746216,0.1155412197113037,True,11.0,11.0,0.0,0.0,0.0,0.0,0.0,2.0,True,0.0,0.0,0.0,0.0,0.0
2306.00222,article,12,0,6.672686338424683,0.2700238227844238,24.11056137084961,0.1157326698303222,False,28940.0,17841.0,9.0,8.0,4146.0,8956.0,7885.0,73.0,True,0.0,0.0,2.0,4.0,-3.0
2306.03766,revtex4,0,0,9.418974161148071,0.1162867546081543,10.81969141960144,0.1734108924865722,True,68.0,68.0,0.0,0.0,0.0,0.0,0.0,2.0,True,0.0,0.0,0.0,0.0,0.0
2306.00478,article,0,0,1.6815314292907717,0.1174004077911377,1.775376558303833,0.1692671775817871,True,0.0,0.0,0.0,0.0,0.0,0.0,0.0,0.0,True,0.0,0.0,0.0,0.0,0.0
2306.00537,article,12,0,3.841352939605713,0.2181591987609863,10.487181901931764,0.1180198192596435,False,9392.0,7391.0,0.0,0.0,11.0,8288.0,7004.0,81.0,True,0.0,0.0,1.0,1.0,-3.0
2306.00019,article,0,0,16.82436442375183,0.1749036312103271,16.31729769706726,0.1670835018157959,False,291.0,291.0,0.0,0.0,0.0,0.0,0.0,2.0,True,0.0,0.0,0.0,0.0,0.0
2306.01515,iopart,0,0,20.281280279159542,0.1166830062866211,20.009053707122803,0.169825792312622,True,0.0,0.0,0.0,0.0,0.0,0.0,0.0,0.0,True,0.0,0.0,0.0,0.0,0.0
2306.10949,revtex4,0,0,8.682307720184326,0.1769256591796875,7.910916090011597,0.1162662506103515,False,0.0,0.0,0.0,0.0,0.0,0.0,0.0,0.0,True,0.0,0.0,0.0,0.0,0.0
2306.01403,revtex4-2,12,0,3.385589122772217,0.2195234298706054,14.22252082824707,0.1165714263916015,False,14032.0,11088.0,1.0,1.0,252.0,12272.0,10284.0,104.0,True,0.0,0.0,7.0,7.0,-2.0
2306.01511,article,12,0,4.996945858001709,0.2184393405914306,19.676608085632324,0.1681008338928222,False,13942.0,9064.0,7.0,9.0,1727.0,5610.0,4860.0,74.0,True,0.0,0.0,1.0,1.0,-3.0
2306.00469,elsarticle,0,0,11.93654179573059,0.1676006317138672,8.282463550567627,0.1672053337097168,True,0.0,0.0,0.0,0.0,0.0,0.0,0.0,0.0,True,0.0,0.0,0.0,0.0,0.0
2306.0016,INTERSPEECH2023,12,0,5.751521110534668,0.2178189754486084,15.652330875396729,0.167076826095581,False,7945.0,6490.0,1.0,1.0,105.0,7002.0,6016.0,78.0,True,0.0,0.0,2.0,2.0,-1.0
2306.00394,revtex4-1,12,0,3.937735557556152,0.218524694442749,11.497161626815796,0.1161110401153564,False,9700.0,3316.0,3.0,4.0,2312.0,-453.0,17.0,19.0,True,0.0,0.0,1.0,1.0,-1.0
2306.00221,revtex4-2,0,0,73.28322792053223,0.1712403297424316,74.83754539489746,0.1681838035583496,False,1.0,0.0,0.0,0.0,0.0,-1.0,0.0,0.0,True,0.0,0.0,0.0,0.0,0.0
2306.00234,IEEEtran,0,0,4.393134355545044,0.1162924766540527,4.039414644241333,0.1676046848297119,True,0.0,0.0,0.0,0.0,0.0,0.0,0.0,0.0,True,0.0,0.0,0.0,0.0,0.0
2306.04202,dccpaper,12,0,6.305123567581177,0.2187414169311523,18.353721857070923,0.1750733852386474,False,2365.0,1997.0,0.0,0.0,2.0,2171.0,1910.0,73.0,True,0.0,0.0,1.0,1.0,0.0
2306.00214,amsart,0,0,8.032942056655884,0.1162257194519043,9.29411268234253,0.1695523262023925,True,7.0,7.0,0.0,0.0,0.0,0.0,0.0,2.0,True,0.0,0.0,0.0,0.0,0.0
2306.01935,oup-authoring-template,0,0,15.25218653678894,0.1168227195739746,17.416457891464233,0.1683275699615478,True,0.0,0.0,0.0,0.0,0.0,0.0,0.0,0.0,True,0.0,0.0,0.0,0.0,0.0
2306.02792,amsart,0,0,14.512824773788452,0.1721413135528564,14.747976541519163,0.1674311161041259,False,38.0,38.0,0.0,0.0,0.0,0.0,0.0,2.0,True,0.0,0.0,0.0,0.0,0.0
2306.04132,amsart,0,0,11.38609504699707,0.1175563335418701,11.343282461166382,0.1161308288574218,True,92.0,92.0,0.0,0.0,0.0,0.0,0.0,2.0,True,0.0,0.0,0.0,0.0,0.0
2306.0166,article,0,0,12.108694553375244,0.1692578792572021,11.994225025177002,0.1708455085754394,False,0.0,0.0,0.0,0.0,0.0,0.0,0.0,0.0,True,0.0,0.0,0.0,0.0,0.0
2306.09175,article,0,0,33.190765380859375,0.1681296825408935,34.02601170539856,0.1165826320648193,False,0.0,0.0,0.0,0.0,0.0,0.0,0.0,0.0,True,0.0,0.0,0.0,0.0,0.0
2306.00103,article,12,0,9.528298616409302,0.279024600982666,44.9340410232544,0.169727087020874,False,28249.0,18680.0,10.0,9.0,2673.0,17440.0,14437.0,78.0,True,0.0,0.0,6.0,10.0,-3.0
2306.00266,article,0,0,15.202420473098757,0.1680991649627685,14.098079442977903,0.1161389350891113,False,88.0,36.0,0.0,0.0,16.0,0.0,0.0,2.0,True,0.0,0.0,0.0,0.0,0.0
2306.04598,aastex631,0,0,10.84642767906189,0.1163530349731445,10.070192813873293,0.1170687675476074,True,0.0,0.0,0.0,0.0,0.0,0.0,0.0,0.0,True,0.0,0.0,0.0,0.0,0.0
2306.00299,article,12,0,5.093649387359619,0.2171990871429443,12.784840822219849,0.1748976707458496,False,3061.0,2631.0,0.0,0.0,10.0,2775.0,2376.0,73.0,True,0.0,0.0,4.0,4.0,0.0
2306.00081,revtex4-2,0,0,17.63530993461609,0.1716957092285156,16.42617630958557,0.1704294681549072,True,0.0,0.0,0.0,0.0,0.0,0.0,0.0,0.0,True,0.0,0.0,0.0,0.0,0.0
2306.00138,revtex4-1,12,0,4.141461610794067,0.2720539569854736,12.10300874710083,0.1707849502563476,False,12564.0,8788.0,10.0,6.0,1032.0,6243.0,5304.0,77.0,True,0.0,0.0,1.0,3.0,-1.0
2306.00229,acmart,0,0,15.15575647354126,0.1674432754516601,17.296709775924683,0.1666164398193359,False,601.0,66.0,0.0,0.0,212.0,0.0,0.0,0.0,True,0.0,0.0,0.0,0.0,0.0
2306.00156,elsarticle,0,0,12.557211875915527,0.1678552627563476,13.72065281867981,0.1670911312103271,True,0.0,0.0,0.0,0.0,0.0,0.0,0.0,0.0,True,0.0,0.0,0.0,0.0,0.0
2306.0058,nbdt-article,12,0,8.917415857315063,0.271481990814209,28.095579624176025,0.1706869602203369,False,17335.0,14620.0,0.0,0.0,144.0,16337.0,14416.0,77.0,True,0.0,0.0,2.0,4.0,-5.0
2306.0003,iopart,12,12,0.369687557220459,0.3760216236114502,0.4204099178314209,0.3710513114929199,False,,,,,,,,,,,,,,
2306.00558,amsart,12,12,5.709240436553955,4.948498487472534,5.595552682876587,5.6493916511535645,True,162.0,162.0,0.0,0.0,0.0,0.0,0.0,6.0,True,0.0,0.0,0.0,0.0,0.0
