arxiv_id,20_ret,docclass,20_time1,20_time2,21_ret,21_time1,21_time2,22_ret,22_time1,22_time2,23_ret,23_time1,23_time2,20<>21,21<>22,22<>23,20<>23
2306.04587,12,article,5.041152000427246,0.2717609405517578,0,16.462233543395996,0.1688563823699951,0,16.91301655769348,0.1163957118988037,0,11.189542293548584,0.1716606616973877,False,True,True,False
2306.00049,12,mnras,18.210252285003666,0.2703168392181396,0,78.94641423225403,0.1675243377685547,0,79.33288192749023,0.1682536602020263,0,75.94625210762024,0.1672821044921875,False,True,False,False
2306.11061,0,article,12.95380449295044,0.1187202930450439,0,12.688703060150146,0.1194679737091064,0,13.659832000732422,0.1157214641571044,0,10.424277067184448,0.1676640510559082,True,True,True,True
2306.02667,12,elsarticle,7.308634757995605,0.2215967178344726,12,7.602617502212524,7.958446502685547,12,8.896464109420776,0.1168932914733886,12,6.211815595626831,0.1667015552520752,False,False,True,True
2306.0007,12,article,6.246771812438965,0.2166118621826172,0,17.95935583114624,0.1688172817230224,0,22.8989577293396,0.1721138954162597,0,15.11127519607544,0.1666769981384277,False,True,True,False
2306.02708,0,amsart,15.986133813858032,0.1684069633483886,0,15.716073751449583,0.1700341701507568,12,21.43124485015869,0.2166390419006347,0,11.93194341659546,0.1671361923217773,False,True,True,False
2306.00489,0,INTERSPEECH2023,10.076996088027954,0.1671226024627685,0,9.719950199127195,0.1681253910064697,12,11.42743682861328,0.2180256843566894,0,7.123998165130615,0.1701817512512207,True,True,True,True
2306.00432,0,article,13.679041385650637,0.1712327003479004,0,9.428484678268433,0.1714105606079101,12,11.131803512573242,0.2181577682495117,0,6.556469202041626,0.217348575592041,True,True,True,True
2306.06241,12,elsarticle,27.675922632217407,0.1845378875732422,0,40.57025074958801,0.1170709133148193,0,47.86645722389221,0.1167941093444824,0,43.25733208656311,0.1694176197052002,False,True,True,False
2306.00182,0,amsart,29.807646989822388,0.1361558437347412,0,25.82565665245056,0.1674673557281494,12,25.86625576019287,0.2221651077270507,0,20.2552433013916,0.2186455726623535,False,True,True,False
2306.00389,12,article,5.645915269851685,0.2174470424652099,0,20.800549030303955,0.1718597412109375,0,21.295785188674927,0.1664822101593017,0,15.16458535194397,0.1781091690063476,False,True,True,False
2306.00125,0,article,16.033929109573364,0.1690053939819336,0,15.704718351364136,0.116708755493164,0,17.678578853607178,0.1695818901062011,0,10.72998547554016,0.1724908351898193,False,False,True,False
2306.00293,12,achemso,6.347966432571411,0.3092141151428222,0,18.53588104248047,0.1160852909088134,0,19.11629319190979,0.171126127243042,0,16.21225595474243,0.1338543891906738,False,False,True,False
2306.0021,12,article,6.007048845291138,0.2173178195953369,0,22.457375288009644,0.1741855144500732,0,23.61066460609436,0.1157634258270263,0,14.296953916549684,0.1726160049438476,False,True,True,False
2306.01661,0,revtex4-1,16.1607403755188,0.1161012649536132,0,15.263700246810911,0.1687264442443847,12,16.37438440322876,0.166400671005249,0,10.582508087158203,0.1673743724822998,True,True,True,True
2306.08345,12,acmart,10.588485956192017,0.2167646884918213,0,31.70697927474976,0.1670353412628173,0,32.15464949607849,0.1665990352630615,12,6.968783140182495,7.206497669219971,False,False,False,False
2306.00028,0,revtex4-2,11.490171909332275,0.1722815036773681,0,11.747024536132812,0.1686258316040039,12,12.196625709533691,0.2173337936401367,0,10.035566091537476,0.1669707298278808,True,True,True,True
2306.01534,0,article,9.767849206924438,0.1694147586822509,0,10.005512237548828,0.1674106121063232,12,15.047418594360352,0.2684640884399414,0,7.356696844100952,0.1679315567016601,True,True,True,True
2306.00194,0,amsart,11.091075658798218,0.173555850982666,0,11.576356649398804,0.1672687530517578,0,16.623079776763916,0.1716580390930175,0,7.370506525039673,0.1690475940704345,False,True,True,False
2306.02145,0,wlscirep,18.819615840911865,0.1695947647094726,0,21.066262245178223,0.1726858615875244,12,25.21176481246948,0.271836519241333,0,13.849246501922607,0.1669888496398925,False,True,True,False
2306.00706,0,article,6.564439535140991,0.1173489093780517,0,7.207083702087402,0.1703712940216064,0,6.711276531219482,0.1684298515319824,0,3.98909068107605,0.1682715415954589,True,True,True,True
2306.00359,0,revtex4-1,4.7464258670806885,0.1688542366027832,0,4.292639493942261,0.1168110370635986,0,6.274642705917358,0.1694307327270507,0,3.3844566345214844,0.1675069332122802,False,True,True,False
2306.00135,0,article,15.45020055770874,0.1669468879699707,0,16.07430148124695,0.171875,12,21.737752199172974,0.2688078880310058,0,10.534396886825562,0.1674013137817382,True,True,True,True
2306.00055,12,article,0.3678715229034424,0.4192657470703125,12,0.4213101863861084,0.4234848022460937,12,0.6224148273468018,0.1680240631103515,12,0.520658016204834,0.1706669330596923,False,False,False,False
2306.00853,0,article,36.70656180381775,0.1702847480773925,0,41.79312705993652,0.1719167232513427,0,42.8937976360321,0.1703064441680908,0,34.359721422195435,0.1674551963806152,False,True,True,False
2306.0025,12,revtex4-1,8.07981824874878,0.2698211669921875,0,24.27096915245056,0.1166424751281738,0,23.01242733001709,0.1697180271148681,0,15.509685754776,0.1721346378326416,False,False,True,False
2306.00475,0,elsarticle,7.256227731704712,0.1667506694793701,0,9.040583610534668,0.1668992042541504,0,6.95369553565979,0.1189227104187011,0,4.826794862747192,0.1664807796478271,True,True,True,True
2306.00038,12,article,8.273234367370605,0.3182647228240967,0,27.776195287704468,0.1163177490234375,0,26.78503179550171,0.1711084842681884,0,18.82884931564331,0.1682198047637939,False,True,True,False
2306.00365,12,revtex4-2,10.820897817611694,0.3196401596069336,0,26.855133056640625,0.1161441802978515,0,25.7212131023407,0.1170294284820556,0,21.762819290161133,0.170677900314331,False,True,False,False
2306.00511,0,amsart,9.281671524047852,0.1168699264526367,0,8.487188816070557,0.1155371665954589,0,8.764580488204956,0.1164398193359375,0,7.213043689727783,0.1701428890228271,True,True,True,True
2306.00922,0,amsart,5.145636558532715,0.1161441802978515,0,4.693310737609863,0.1169948577880859,0,4.542109966278076,0.1187047958374023,0,3.333942651748657,0.1698946952819824,True,True,True,True
2306.02185,12,nature,7.263238906860352,0.2675004005432129,12,13.87322998046875,6.866111993789673,12,13.302090167999268,0.1690363883972168,12,12.160207748413086,0.1162357330322265,False,False,True,False
2306.00094,0,elsarticle,24.832030296325684,0.1677610874176025,0,18.993403434753414,0.1677684783935547,12,19.999711990356445,0.2219345569610595,0,12.839120864868164,0.1715133190155029,False,True,False,False
2306.00122,12,article,7.1557090282440186,0.2694549560546875,0,22.81769871711731,0.1165125370025634,0,22.705589294433597,0.1165528297424316,0,15.533226728439333,0.1690394878387451,False,True,True,False
2306.00085,0,article,20.903215169906616,0.1673879623413086,0,17.41814351081848,0.167271614074707,12,16.150359392166138,0.2241089344024658,0,10.783217668533323,0.1700930595397949,False,True,True,False
2306.00733,0,article,16.961674451828003,0.1685309410095214,0,14.324230909347534,0.1728909015655517,0,9.285853385925291,0.1680822372436523,0,8.066811323165894,0.1752192974090576,True,True,True,True
2306.00282,12,cas-dc,9.272974252700806,0.2692162990570068,12,15.806950330734251,7.826509475708008,0,29.330836296081543,0.1690027713775634,0,24.51801586151123,0.1716530323028564,False,False,True,False
2306.00454,12,article,4.289436340332031,0.2686769962310791,0,10.734705686569214,0.1754431724548339,0,10.676639556884766,0.1167778968811035,0,7.813735008239746,0.1677465438842773,False,True,True,False
2306.0005,12,article,9.985816240310667,0.2673835754394531,12,8.521290063858032,8.432026863098145,12,7.964558362960815,0.1713161468505859,12,5.915039300918579,0.1687829494476318,False,False,True,True
2306.03941,0,article,11.393983840942385,0.1725194454193115,0,9.682371854782104,0.1705992221832275,12,9.236220836639404,0.1659786701202392,0,7.862961769104004,0.1714470386505127,True,True,True,True
2306.00484,0,amsart,11.0264995098114,0.1164624691009521,0,12.27035641670227,0.1676986217498779,0,10.679472208023071,0.1703529357910156,0,7.409236907958984,0.1669244766235351,False,True,True,False
2306.00029,12,article,5.71488618850708,0.2684707641601562,12,5.611911773681641,6.360780715942383,12,5.395760774612427,0.1700336933135986,12,3.439258813858032,0.171537160873413,False,False,True,False
2306.02148,12,elsarticle,6.251854181289673,0.2696948051452636,0,21.880041122436523,0.1667361259460449,0,16.16911220550537,0.1668729782104492,0,9.938557386398315,0.168450117111206,False,True,True,False
2306.00613,0,article,16.018219709396362,0.1668598651885986,0,16.794572830200195,0.1696381568908691,12,14.80419373512268,0.2178609371185302,0,10.185938835144045,0.1660757064819336,False,True,True,False
2306.02096,12,elsarticle,6.36566686630249,0.2167034149169922,12,6.36492133140564,8.372462034225464,12,6.066708326339722,0.1158051490783691,12,4.237654447555542,0.2175874710083007,False,False,True,True
2306.00128,12,achemso,4.893504858016968,0.2697920799255371,0,15.550172328948976,0.1721701622009277,0,15.347606897354126,0.1171622276306152,0,12.80663776397705,0.177600622177124,False,False,True,False
2306.00123,12,revtex4-2,4.667534589767456,0.2729742527008056,12,4.494364261627197,4.496880769729614,12,4.492844820022583,0.1153905391693115,12,4.145070791244507,0.1723623275756836,False,False,True,True
2306.00084,0,mnras,24.181477069854736,0.1680943965911865,0,21.62819004058838,0.16957688331604,12,21.06103229522705,0.2166948318481445,0,18.393031358718872,0.1661865711212158,False,True,False,False
2306.01133,0,amsart,5.329516172409058,0.1176047325134277,0,5.1695849895477295,0.1167852878570556,0,4.38866662979126,0.1161482334136962,0,3.083967685699463,0.1701631546020507,True,True,True,True
2306.00428,0,amsart,7.470423936843872,0.1164605617523193,0,6.2504870891571045,0.1162490844726562,0,7.006614208221436,0.1163516044616699,0,4.563836812973023,0.1721699237823486,False,True,True,False
2306.01933,12,MRM,8.611788272857666,0.2670712471008301,0,23.86502885818481,0.1164684295654296,0,24.01846146583557,0.1739118099212646,0,17.76957368850708,0.1689543724060058,False,True,True,False
2306.00429,12,revtex4-1,3.4517033100128174,0.2172856330871582,0,9.235909461975098,0.1710927486419677,0,9.817722082138062,0.1166350841522216,0,8.664909839630127,0.1677322387695312,False,True,True,False
2306.08367,12,acmart,7.859453201293945,0.2685842514038086,12,7.002033233642578,7.1021904945373535,12,7.3760504722595215,0.1749963760375976,12,5.261213541030884,0.3195407390594482,False,False,True,False
2306.0811,12,article,6.658283948898315,0.2703545093536377,0,19.197763442993164,0.169468879699707,0,19.73381543159485,0.1733636856079101,0,13.62887954711914,0.1669642925262451,False,True,True,False
2306.00466,12,IEEEtran,4.338408946990967,0.269942045211792,12,4.239914894104004,4.18788743019104,12,4.340987205505371,0.1698417663574218,12,3.536005973815918,0.1680631637573242,False,False,True,True
2306.00554,12,egpubl,9.45524001121521,10.045346021652222,12,9.373818635940552,8.883858442306519,12,8.533329725265503,0.1688594818115234,12,7.127276182174683,0.1707611083984375,True,False,False,False
2306.00782,12,revtex4-2,10.237637042999268,0.2742013931274414,0,31.94524335861206,0.1689743995666504,0,31.98668313026428,0.1159350872039794,0,28.181384325027462,0.1674897670745849,False,True,True,False
2306.13226,0,memoir,9.63917636871338,0.1685853004455566,0,8.617015838623047,0.1726574897766113,12,8.466811418533325,0.2223608493804931,0,6.070048809051514,0.166471242904663,True,True,True,True
2306.00149,0,IEEEtran,15.561884880065918,0.1665008068084716,0,12.54628562927246,0.1708741188049316,12,8.110455513000488,0.2220520973205566,0,6.50727128982544,0.1669542789459228,True,True,True,True
2306.04327,12,llncs,4.293417453765869,0.2676670551300049,0,10.390268802642822,0.1161482334136962,0,10.552104711532593,0.1708831787109375,0,9.335971593856812,0.1681380271911621,False,True,True,False
2306.02281,0,revtex4-2,13.363911867141724,0.1673636436462402,0,10.068827867507936,0.116473913192749,0,9.91866946220398,0.1686336994171142,0,8.113504409790039,0.1690027713775634,True,True,True,True
2306.00285,0,article,6.257063150405884,0.1691582202911377,0,5.701387405395508,0.1688847541809082,0,5.450214147567749,0.1161806583404541,0,3.554663896560669,0.1704742908477783,True,True,False,False
2306.00022,0,mnras,11.234567642211914,0.1691009998321533,0,9.23786234855652,0.1758890151977539,0,9.08088207244873,0.1162750720977783,0,5.951428651809692,0.1691770553588867,False,True,False,False
2306.00078,0,revtex4-1,13.010972261428831,0.1670374870300293,0,8.461451530456543,0.1701834201812744,12,8.714466571807861,0.2172558307647705,0,6.0044779777526855,0.1669771671295166,False,True,True,False
2306.00743,0,article,10.834804773330688,0.21830415725708,0,7.254206657409668,0.1159956455230712,0,7.514069557189941,0.1156461238861084,0,5.298751592636108,0.1678757667541504,True,True,True,True
2306.01028,12,llncs,5.600594758987427,0.3206617832183838,0,7.005859851837158,0.1158463954925537,12,7.103704929351807,0.2230021953582763,0,5.046645402908325,0.1683855056762695,False,False,True,False
2306.00313,0,amsart,23.633084535598755,0.2173030376434326,0,15.67202925682068,0.1702637672424316,12,16.38258957862854,0.2223925590515136,0,11.80837059020996,0.1667399406433105,False,True,True,False
2306.02681,12,revtex4-2,16.837268114089966,0.2678360939025879,12,10.729000568389893,11.091283798217772,12,11.177541732788086,0.1750886440277099,12,13.604368209838867,0.1692132949829101,False,False,True,True
2306.00479,0,acmart,31.23855233192444,0.1720163822174072,0,25.08803653717041,0.1165974140167236,0,19.14495611190796,0.1154608726501464,12,7.841073751449585,0.1726582050323486,False,True,False,False
2306.00036,12,article,11.586180925369264,0.4694116115570068,0,30.942659616470337,0.1354942321777343,0,28.712016820907596,0.1157379150390625,0,22.664883852005005,0.1745107173919677,False,True,True,False
2306.0011,12,article,7.462642669677734,0.2684803009033203,0,22.95874071121216,0.1667397022247314,0,21.098008394241333,0.1700022220611572,0,14.931355237960815,0.1684439182281494,False,False,True,False
2306.00762,12,uai2023,10.284354209899902,0.2674753665924072,0,32.9866316318512,0.1673934459686279,0,32.4087278842926,0.1668832302093505,0,23.27283215522766,0.1671855449676513,False,True,True,False
2306.00641,0,atlasdoc,91.53355956077576,0.1671440601348877,0,84.54924869537354,0.1673295497894287,0,75.88509941101074,0.1158373355865478,0,69.27402329444885,0.1661989688873291,False,True,False,False
2306.0071,12,amsart,6.2618794441223145,0.2691774368286133,0,12.953827142715454,0.1167662143707275,0,12.949966192245483,0.1162309646606445,0,8.523422479629517,0.1681301593780517,False,False,False,False
2306.06698,12,article,5.247725486755371,0.2168545722961425,12,5.176080942153931,5.18981409072876,12,4.141805410385132,0.1722669601440429,12,2.7812578678131104,0.1683025360107422,False,False,True,False
2306.00113,0,amsart,13.509743690490724,0.1669254302978515,0,10.875815868377686,0.1155314445495605,0,10.522896766662598,0.1160371303558349,0,7.788663864135742,0.1696577072143554,True,True,True,True
2306.00263,12,pasj01,2.434418201446533,0.2796587944030761,0,7.021177768707275,0.1156554222106933,0,7.610007286071777,0.1166820526123046,0,7.745258569717407,0.1691486835479736,False,True,True,False
2306.00531,0,amsart,10.026787519454956,0.1677753925323486,0,10.864049673080444,0.1683642864227295,0,7.9228785037994385,0.1159360408782959,0,5.350568056106567,0.1759169101715088,False,True,True,False
2306.00574,12,article,7.508145570755005,0.2677540779113769,12,6.70713210105896,8.0039803981781,12,6.452597379684448,0.1682305335998535,12,4.594538688659668,0.1683177947998047,False,False,True,True
2306.01073,0,article,9.635469675064089,0.1161410808563232,0,9.847166538238524,0.1676077842712402,0,7.9602906703948975,0.1719508171081543,0,4.945122718811035,0.1691586971282959,True,True,True,True
2306.00615,0,article,9.167923927307127,0.1169590950012207,0,10.72200846672058,0.1728370189666748,0,8.681539058685303,0.1674592494964599,0,6.673039436340332,0.1158995628356933,True,True,True,True
2306.00146,12,revtex4-2,39.462080240249634,0.2674541473388672,0,131.0367078781128,0.1162548065185546,0,118.37245893478394,0.1353330612182617,0,106.12379956245422,0.1757361888885498,False,True,True,False
2306.00236,12,article,7.524913787841797,0.2686052322387695,12,7.10966420173645,7.007380485534668,12,7.229457378387451,0.1671814918518066,12,4.741519212722778,0.17594575881958,False,False,True,True
2306.00093,0,article,13.37004017829895,0.217630386352539,0,12.43972635269165,0.1674976348876953,12,10.128981590270996,0.2219941616058349,0,6.003268480300903,0.1684598922729492,False,True,True,False
2306.00033,0,article,5.157694578170776,0.1156573295593261,0,3.205732583999634,0.1714060306549072,0,3.997220516204834,0.1671528816223144,0,2.4467594623565674,0.1167287826538086,True,True,True,True
2306.00367,12,article,10.836735486984251,0.3685564994812011,0,28.052016258239743,0.1750075817108154,0,27.98958110809326,0.173779010772705,0,15.313436269760132,0.1677794456481933,False,True,True,False
2306.08486,12,GonnellaLab-StyleArXiv,16.246437788009644,0.2678823471069336,0,38.57421970367432,0.1671633720397949,0,39.322261095047,0.1703038215637207,0,25.45098066329956,0.168083906173706,False,False,True,False
2306.01378,12,comsoc2023,7.363587141036987,0.3226876258850097,0,17.741432428359985,0.1161625385284423,0,17.56748676300049,0.1697602272033691,0,11.39480185508728,0.1691269874572754,False,True,True,False
2306.00218,0,revtex4-1,10.543310642242432,0.1165518760681152,0,7.924587726593018,0.1159474849700927,0,5.64980936050415,0.115795612335205,0,4.295172452926636,0.167651891708374,True,True,True,True
2306.05241,12,article,1.27441143989563,0.2169694900512695,0,22.087095737457275,0.1167404651641845,0,25.007714986801147,0.1167340278625488,0,15.075910091400146,0.1701693534851074,False,False,True,False
2306.1063,12,achemso,4.844701051712036,0.2673614025115967,0,11.59661316871643,0.1722047328948974,0,11.49855637550354,0.1157143115997314,0,9.476494073867798,0.1162066459655761,False,True,True,False
2306.00005,12,article,8.3225576877594,0.2696282863616943,0,34.4007363319397,0.1743757724761963,0,28.22899794578552,0.1158282756805419,0,19.62055611610413,0.1720986366271972,False,True,True,False
2306.00006,12,article,6.918549299240112,0.2690341472625732,0,19.106412649154663,0.1672306060791015,0,15.714426517486572,0.1163816452026367,0,11.087456464767456,0.172422170639038,False,True,True,False
2306.00822,0,article,5.817763805389404,0.1160039901733398,0,5.246200799942017,0.1702010631561279,0,4.890454292297363,0.1162390708923339,0,3.288771390914917,0.169926643371582,True,True,True,True
2306.00237,12,revtex4-2,4.792848825454712,0.2165400981903076,12,4.845867872238159,4.643760919570923,12,4.08650016784668,0.1165988445281982,12,3.604341506958008,0.1663384437561035,False,False,False,True
2306.12602,12,article,7.467482089996338,0.2680714130401611,0,22.03991985321045,0.1694607734680175,0,20.89638113975525,0.1166338920593261,0,13.4993314743042,0.173699140548706,False,True,True,False
2306.01388,12,acmart,8.317293405532837,0.2682039737701416,0,25.04560089111328,0.1687185764312744,0,20.847611904144287,0.1160740852355957,0,15.336118936538696,0.1709914207458496,False,True,True,False
2306.00104,0,llncs,9.18284034729004,0.1166639328002929,0,8.318397283554077,0.1163208484649658,0,7.609238386154175,0.1171443462371826,0,5.350254058837891,0.1738524436950683,True,True,True,True
2306.00226,12,article,4.389847278594971,0.2683186531066894,0,9.967175245285034,0.1157379150390625,0,10.069835424423218,0.116938829421997,0,7.176396369934082,0.1688969135284423,False,True,True,False
2306.00277,0,elsarticle,8.862459659576416,0.1663157939910888,0,5.094193935394287,0.1174705028533935,0,7.425390958786011,0.1708817481994629,0,6.503446817398071,0.116722822189331,True,True,True,True
2306.01713,12,revtex4-2,5.496317148208618,0.2666201591491699,0,13.653120994567873,0.1162316799163818,0,13.943135261535645,0.1718301773071289,0,9.95336127281189,0.1722135543823242,False,True,True,False
2306.00257,0,amsart,7.753732681274414,0.1671574115753173,0,6.2491068840026855,0.1701467037200927,0,6.203208208084106,0.1750762462615966,0,3.838422298431397,0.1778554916381836,False,True,True,False
2306.0023,12,elsarticle,14.560277938842772,0.2679896354675293,0,35.2986855506897,0.1161928176879882,0,34.91657900810242,0.1754183769226074,0,33.82609796524048,0.166299819946289,False,False,True,False
2306.00441,0,amsart,9.718944549560549,0.116260290145874,0,7.571975946426392,0.1161658763885498,0,7.828779697418213,0.1751272678375244,0,5.897090196609497,0.165971040725708,True,True,True,True
2306.00187,12,IEEEtran,5.861026763916016,0.2697567939758301,0,13.59353232383728,0.1732025146484375,0,13.641262292861938,0.1171486377716064,0,11.1843421459198,0.1742410659790039,False,True,True,False
2306.00382,12,article,7.159183502197266,0.2685437202453613,0,17.084884881973267,0.1710240840911865,0,17.132153272628784,0.1706526279449463,0,13.157922267913818,0.1671423912048339,False,False,True,False
2306.00675,0,IEEEtran,13.752392530441284,0.2685215473175049,0,10.025489807128906,0.170936107635498,12,7.107455492019653,0.2179570198059082,0,5.350659132003784,0.1677384376525879,True,True,True,True
2306.13848,0,mdpi,23.04077649116516,0.2179863452911377,0,15.76795506477356,0.167473554611206,12,16.523157119750977,0.2207922935485839,0,10.533032178878784,0.1694891452789306,False,False,True,False
2306.00573,12,elsarticle,6.904664278030396,0.3202056884765625,0,14.71539568901062,0.1158249378204345,0,14.642058610916138,0.1163313388824462,0,11.006341695785522,0.1684398651123047,False,False,True,False
2306.00358,12,article,9.449771881103516,0.2678515911102295,0,22.151390075683597,0.1165549755096435,0,22.705084323883057,0.1156587600708007,0,14.30307912826538,0.1699833869934082,False,True,True,False
2306.00082,0,amsart,13.800004720687866,0.1667308807373047,0,10.680042266845703,0.1697630882263183,0,11.230995655059814,0.1161074638366699,0,7.869571685791016,0.1688904762268066,False,True,True,False
2306.00461,12,article,4.542869806289673,0.2663207054138183,12,3.787929534912109,3.7386457920074463,12,4.139470338821411,3.795856237411499,12,2.89888334274292,3.1379194259643555,False,True,True,False
2306.03442,12,article,9.217382669448853,0.2691786289215088,0,20.592114210128784,0.1170575618743896,0,21.410024166107178,0.1736195087432861,0,15.909199953079224,0.1676540374755859,False,True,True,False
2306.07888,0,acmart,78.80246043205261,0.2168776988983154,0,58.07988905906677,0.1668407917022705,12,59.008753538131714,0.217552900314331,12,11.038912296295166,0.1665294170379638,False,False,False,False
2306.01358,12,article,8.850827932357788,0.5256795883178711,0,12.442997455596924,0.1191160678863525,0,12.650179624557495,0.1694979667663574,0,9.067894697189333,0.1665868759155273,False,True,True,False
2306.00712,12,article,3.694462299346924,0.4716479778289795,0,4.455326557159424,0.1169536113739013,0,5.248473644256592,0.1171410083770752,0,4.191508531570435,0.1687624454498291,False,True,True,False
2306.0035,12,article,9.782874584197998,0.421828031539917,0,12.861675024032593,0.168602705001831,0,13.59537434577942,0.1161139011383056,0,8.313037872314453,0.1675167083740234,False,True,True,False
2306.16386,12,revtex4-1,6.47527003288269,0.3709986209869385,0,9.974976062774658,0.169968843460083,0,7.104472637176514,0.1168723106384277,0,5.161122560501099,0.1155052185058593,False,True,True,False
2306.00275,12,IEEEtran,5.965042591094971,4.81384015083313,0,8.780121803283691,0.1699724197387695,12,9.635105848312378,1.1969568729400637,0,6.610359191894531,0.168511152267456,False,True,True,False
2306.00746,0,article,5.758846282958984,0.2203447818756103,0,3.1866204738616943,0.1167688369750976,0,3.2815401554107666,0.1161284446716308,0,2.8863649368286133,0.175673246383667,True,False,False,True
2306.17541,0,article,11.657029628753662,0.2180714607238769,0,6.951930999755859,0.1710157394409179,0,7.306609630584717,0.1189675331115722,0,5.551452875137329,0.1713905334472656,True,True,True,True
2306.02773,0,scrartcl,24.415329694747925,0.2684333324432373,0,11.940447330474854,0.173290729522705,0,13.15758752822876,0.169626235961914,0,7.811748266220093,0.1721587181091308,False,False,True,False
2306.00516,12,sn-jnl,10.86893892288208,0.3213863372802734,0,14.91286039352417,0.1689498424530029,0,15.607431411743164,0.1160163879394531,0,10.49200677871704,0.1690669059753418,False,True,True,False
2306.00387,0,amsart,9.325724840164185,0.1665201187133789,0,5.607060194015503,0.1734302043914795,0,5.351791620254517,0.1194205284118652,0,3.6374433040618896,0.1668372154235839,True,True,True,True
2306.02984,12,article,15.606656789779665,0.4772422313690185,0,19.63935589790344,0.11602783203125,0,19.790514707565308,0.167818546295166,0,13.298468589782717,0.1687936782836914,False,True,True,False
2306.00653,0,amsart,12.519505739212036,0.1674330234527588,0,8.815289497375488,0.1159610748291015,12,9.06846833229065,0.2187693119049072,0,6.7555201053619385,0.1659507751464843,False,True,True,False
2306.17583,12,IEEEtran,3.1881954669952397,0.2671289443969726,0,6.952749490737915,0.1161589622497558,0,7.574594497680664,0.1169366836547851,0,6.018273591995239,0.1679673194885254,False,True,True,False
2306.03237,12,revtex4-2,2.9374446868896484,0.2677340507507324,0,6.00335168838501,0.1726601123809814,0,6.6576924324035645,0.1168172359466552,0,4.952335596084595,0.1708898544311523,False,True,False,False
2306.00142,0,elsarticle,24.89369201660156,0.2201709747314453,0,18.833918809890747,0.1711344718933105,12,20.176594495773315,0.2203469276428222,0,12.891260147094728,0.1702373027801513,False,True,True,False
2306.00417,0,revtex4-2,10.28224778175354,0.1171426773071289,0,8.325472593307495,0.1703743934631347,0,8.58790922164917,0.1158442497253418,0,5.952326059341431,0.1361870765686035,True,True,True,True
2306.00329,0,article,2.3850948810577397,0.1173725128173828,0,1.7262301445007324,0.1166274547576904,0,2.02886176109314,0.1193888187408447,0,2.130867481231689,0.1680021286010742,True,True,False,False
2306.00425,0,article,20.95442128181457,0.1686139106750488,0,16.610474824905396,0.1690859794616699,0,11.831156015396118,0.16994309425354,0,7.758685111999512,0.1664869785308838,False,True,True,False
2306.00063,0,amsart}%article,24.239181756973267,0.1724293231964111,0,20.90944766998291,0.1677594184875488,0,20.8107750415802,0.1664381027221679,0,16.987287044525146,0.1674582958221435,False,True,True,False
2306.00047,12,llncs,8.716343879699707,0.2683877944946289,0,15.149171590805054,0.1192748546600341,0,15.851954698562622,0.1165945529937744,0,10.038373470306396,0.1666171550750732,False,True,True,False
2306.00207,0,amsart,20.607396841049194,0.1728096008300781,0,17.80766725540161,0.1159687042236328,0,17.43042302131653,0.1712703704833984,0,13.294140100479126,0.1665072441101074,False,True,True,False
2306.00248,12,acmart,9.73275876045227,0.2676863670349121,0,31.90843725204468,0.1714575290679931,0,32.918577671051025,0.1713399887084961,12,5.951983690261841,6.118352890014648,False,True,False,False
2306.00032,12,article,4.848330736160278,0.2683000564575195,0,7.559223175048828,0.1155629158020019,12,7.404749393463135,0.1671268939971923,0,5.143481016159058,0.166325569152832,False,False,True,False
2306.00052,0,article,19.595314025878903,0.1691889762878418,0,17.080331325531006,0.1703042984008789,12,17.226319313049316,0.2168750762939453,0,12.486319780349731,0.1699395179748535,True,True,False,False
2306.00013,0,article,24.53515672683716,0.1160798072814941,0,21.842977046966556,0.1700396537780761,0,22.66436767578125,0.1682872772216797,0,15.88471293449402,0.1670718193054199,False,True,True,False
2306.00213,0,article,15.931026697158812,0.1168034076690673,0,14.697744846343994,0.1193654537200927,0,14.70598840713501,0.1178107261657714,0,13.952829360961914,0.1166093349456787,True,True,True,True
2306.11627,0,svjour3,8.681662321090698,0.1170198917388916,0,7.60651421546936,0.1161732673645019,0,7.859307765960693,0.172762393951416,0,5.052158832550049,0.1699533462524414,True,True,True,True
2306.09084,0,article,9.64448881149292,0.1162543296813964,0,7.054268836975098,0.1672267913818359,12,5.110236406326294,0.1658968925476074,0,3.906578779220581,0.1700944900512695,True,True,True,True
2306.01632,0,article,4.248343467712402,0.119499921798706,0,2.6489133834838867,0.1169500350952148,0,3.0871798992156982,0.1160817146301269,0,2.5846762657165527,0.170447826385498,True,True,True,True
2306.00327,0,amsart,6.894859552383423,0.1822893619537353,0,4.941092014312744,0.1699886322021484,0,4.942671298980713,0.1156468391418457,0,4.341612339019775,0.1157360076904296,True,True,True,True
2306.00139,12,revtex4-1,11.25570034980774,0.2679691314697265,0,24.52773785591125,0.1168277263641357,0,24.569329500198364,0.1689140796661377,0,20.43820548057556,0.1682822704315185,False,True,True,False
2306.00337,12,revtex4-2,6.965657949447632,0.2182204723358154,0,18.26083540916443,0.1159965991973877,0,19.775535821914676,0.1672582626342773,0,15.726447105407717,0.2285358905792236,False,True,True,False
2306.0026,0,amsart,8.970270872116089,0.1166796684265136,0,8.814899921417236,0.1160581111907959,0,9.03389573097229,0.1722733974456787,0,6.00323224067688,0.1677517890930175,True,True,True,True
2306.00415,12,ieeecolor,3.288008689880371,0.2204766273498535,0,9.230735540390016,0.166644811630249,0,9.215425252914429,0.1154460906982421,0,7.872831583023071,0.1699671745300293,False,True,False,False
2306.13656,0,aastex631,10.799772024154665,0.1171362400054931,0,17.57999610900879,0.2694144248962402,0,11.182890176773071,0.1168091297149658,0,7.885558843612671,0.1695122718811035,True,True,True,True
2306.03416,0,cas-sc,17.976482629776,0.1728873252868652,0,35.571056842803955,0.2689759731292724,12,18.59637427330017,0.2201974391937255,0,13.555459976196287,0.1678957939147949,False,True,True,False
2306.00264,12,sagej,6.633663654327393,0.2256643772125244,0,42.92088770866394,0.1676793098449707,0,26.570167303085327,0.1671700477600097,0,21.315677404403687,0.2228150367736816,False,True,True,False
2306.00563,0,IEEEtran,13.39813494682312,0.1718761920928955,0,21.09687757492065,0.2179274559020996,12,13.635192632675173,0.2171990871429443,0,8.46821665763855,0.1671168804168701,True,True,True,True
2306.06728,12,article,11.072750806808472,10.485126733779907,12,17.431566953659058,17.4144287109375,12,11.390202760696411,0.1673705577850341,12,12.250851154327393,0.1682207584381103,True,False,True,False
2306.02188,0,amsart,11.627104759216309,0.1694042682647705,0,21.23774480819702,0.1670126914978027,0,12.7490816116333,0.1696290969848632,0,8.472414493560791,0.1685986518859863,False,True,True,False
2306.00057,0,revtex4-1,13.504373788833618,0.1170876026153564,0,21.679345846176147,0.2194380760192871,0,14.625335216522217,0.1725413799285888,0,10.691983222961426,0.1686134338378906,True,True,True,True
2306.01017,12,revtex4-2,1.6281883716583252,0.2710175514221191,0,4.735263824462891,0.219332218170166,0,3.436795711517334,0.1156947612762451,0,2.887794256210327,0.1726353168487548,False,True,False,False
2306.0075,12,article,7.206233739852905,0.2228453159332275,0,43.70973324775696,0.1673347949981689,0,29.19885873794556,0.1732404232025146,0,24.338257789611816,0.171877384185791,False,True,True,False
2306.01793,12,article,5.259830713272095,0.2181036472320556,0,24.034124612808228,0.1677665710449218,0,15.968126773834229,0.1237936019897461,0,14.797546625137327,0.1685597896575927,False,True,True,False
2306.00274,12,article,11.246962785720823,0.2225596904754638,0,48.16695713996887,0.2197942733764648,0,34.023099422454834,0.1739733219146728,0,31.72644519805908,0.1687078475952148,False,True,True,False
2306.00179,12,macro/neu_msthesis,23.07836675643921,0.2166392803192138,0,116.65860652923584,0.1667561531066894,0,101.38697242736816,0.1684248447418213,0,99.70563292503356,0.1701776981353759,False,False,True,False
2306.00599,12,amsart,5.858571529388428,0.220017671585083,0,17.936300039291382,0.1159825325012207,12,11.481956720352173,0.2180685997009277,0,7.86758017539978,0.1668643951416015,False,False,True,False
2306.00506,0,revtex4-2,16.029948711395264,0.1734864711761474,0,15.682536363601685,0.1684985160827636,12,10.92463207244873,0.1658976078033447,0,8.546221017837524,0.1705250740051269,False,True,True,False
2306.00345,0,revtex4-2,7.757558822631836,0.1169588565826416,0,8.182183027267456,0.1678693294525146,12,8.059643507003784,0.1666297912597656,0,5.413752794265747,0.1699004173278808,False,True,False,False
2306.01797,12,llncs,6.151792526245117,0.2196578979492187,0,18.4258725643158,0.1160173416137695,0,18.49284648895264,0.1709005832672119,0,11.298933029174805,0.1695928573608398,False,True,True,False
2306.00041,0,IEEEtran,4.3060524463653564,0.1174821853637695,0,4.588149070739746,0.1173529624938964,0,4.590690612792969,0.1166853904724121,0,3.7384774684906006,0.1159803867340087,True,True,True,True
2306.14506,0,article,6.50108814239502,0.11607027053833,0,6.618674755096436,0.1155061721801757,0,7.003798484802246,0.1666314601898193,0,4.5558180809021,0.1671836376190185,True,True,True,True
2306.01085,0,elsarticle,127.48251748085022,0.321629524230957,0,126.87104773521423,0.167311429977417,12,127.8862807750702,0.2205016613006591,0,107.73599290847778,0.1682062149047851,True,True,True,True
2306.00101,0,article,4.867349147796631,0.2179503440856933,0,2.7314109802246094,0.1176133155822753,0,3.1430695056915283,0.2291102409362793,0,2.93818473815918,0.1742579936981201,True,True,True,True
2306.00244,0,IEEEtran,21.25873303413391,0.2711496353149414,0,11.429952383041382,0.1713366508483886,0,12.042203664779665,0.166513442993164,0,7.111745834350586,0.169612169265747,False,True,True,False
2306.01569,12,article,10.08149766921997,0.3177342414855957,0,16.725210666656494,0.1163547039031982,0,19.62425374984741,0.1664073467254638,0,12.560415506362917,0.1696629524230957,False,True,True,False
2306.01353,0,elsarticle,22.872238397598267,0.2171835899353027,0,9.166234970092772,0.1674702167510986,12,14.769207954406738,0.2171206474304199,0,8.676995277404785,0.1718878746032714,True,True,True,True
2306.02169,12,agujournal2019,6.713295936584473,0.3178837299346924,0,16.78933095932007,0.1726725101470947,0,18.347187995910645,0.1740450859069824,0,14.496080160140991,0.1737070083618164,False,True,True,False
2306.00533,0,amsart,11.15164065361023,0.1674213409423828,0,6.756196737289429,0.1669621467590332,0,6.65090274810791,0.1162562370300293,0,4.143155336380005,0.1669986248016357,True,True,True,True
2306.01863,12,nature,8.974690198898315,0.3726129531860351,0,16.069201707839966,0.1163849830627441,0,16.61621618270874,0.1160995960235595,0,11.636809825897217,0.1690723896026611,False,True,True,False
2306.00562,0,amsart,11.0931134223938,0.1671085357666015,0,6.411622762680054,0.1698870658874511,0,6.666291952133179,0.1165943145751953,0,4.544437885284424,0.1682245731353759,False,True,True,False
2306.01092,12,IEEEtran,49.83843159675598,0.3196632862091064,0,141.9817292690277,0.1672282218933105,0,97.75616812705994,0.1678087711334228,0,75.9344871044159,0.1696670055389404,False,True,True,False
2306.0001,12,article,9.347635507583618,0.3196084499359131,0,25.45868134498596,0.2194678783416748,0,18.008692264556885,0.1163291931152343,0,12.562570095062256,0.1707687377929687,False,True,True,False
2306.00072,12,revtex4-2,6.222178936004639,0.3747835159301758,0,17.41888117790222,0.1670508384704589,0,12.50691056251526,0.1688134670257568,0,8.288220167160034,0.1693124771118164,False,True,True,False
2306.00215,12,amsart,7.719772577285767,7.617520570755005,0,20.271697998046875,0.2174417972564697,12,10.0203595161438,0.2204048633575439,0,6.961784839630127,0.1670782566070556,True,True,True,True
2306.0012,12,vgtc,11.147786617279053,0.372631311416626,0,29.63306951522827,0.2178671360015869,0,18.54433298110962,0.1707117557525634,0,12.9462571144104,0.170236587524414,False,True,True,False
2306.00453,12,article,11.711073160171509,0.3689539432525635,0,46.45155811309815,0.1676816940307617,0,30.017672777175903,0.1702461242675781,0,22.449707746505737,0.1670184135437011,False,True,True,False
2306.00091,12,article,8.123302698135376,0.2703580856323242,0,36.43569779396057,0.2189569473266601,0,25.165344715118408,0.1705734729766845,0,15.631158351898192,0.1723406314849853,False,True,True,False
2306.00886,0,lipics-v2021,23.66920590400696,0.1686880588531494,0,34.827287673950195,0.2683753967285156,12,21.551066160202023,0.21700119972229,0,13.448298692703249,0.2176716327667236,False,False,True,False
2306.00718,12,elsarticle,4.592924118041992,0.2208354473114013,0,27.18904423713684,0.1670675277709961,0,20.097688913345337,0.1172094345092773,0,13.356362342834473,0.1706902980804443,False,True,True,False
2306.01127,12,amsart,7.307831764221191,0.269536018371582,0,32.495893239974976,0.1671476364135742,0,23.414592504501343,0.1682915687561035,0,15.583135843276978,0.1716501712799072,False,True,True,False
2306.00431,12,lipics-v2021,8.387696981430054,0.2722320556640625,0,39.59434461593628,0.2696106433868408,0,25.958781480789185,0.1696510314941406,0,16.732051849365234,0.1723537445068359,False,False,True,False
2306.00003,12,jmlr,8.5794837474823,8.183856725692749,12,11.692414045333862,12.184631109237673,12,9.07699179649353,0.2179105281829834,12,2.744093894958496,0.1736326217651367,False,False,False,False
2306.09408,12,revtex4-1,4.139018058776856,0.2209036350250244,0,8.668514966964722,0.1162047386169433,0,9.47580909729004,0.169325590133667,0,6.572024583816528,0.1710026264190673,False,False,True,False
2306.00096,12,article,5.514708995819092,0.2198481559753418,0,22.308602571487427,0.170236587524414,0,25.99805784225464,0.1694784164428711,0,15.413711786270142,0.1740913391113281,False,False,True,False
2306.08421,12,article,3.9897406101226807,0.2178940773010254,0,12.385657787322998,0.1683530807495117,12,14.372000455856323,0.1661005020141601,0,8.032112836837769,0.1682112216949463,False,False,True,False
2306.00001,12,IEEEtran,4.750117778778076,0.2168896198272705,0,13.959858655929564,0.1709644794464111,0,15.353226661682127,0.218177318572998,0,10.698853254318236,0.2706339359283447,False,True,False,False
2306.01967,12,article,6.608609437942505,0.219860553741455,0,22.08629059791565,0.1163158416748046,0,24.57943320274353,0.1719245910644531,0,15.88565468788147,0.1684591770172119,False,True,True,False
2306.00184,12,siamltex,13.058470964431764,0.271245002746582,0,54.08306694030762,0.1162185668945312,0,55.776482820510864,0.1760590076446533,0,77.01654314994812,0.1689608097076416,False,True,True,False
2306.03696,12,revtex4-2,12.314125776290894,0.2720186710357666,12,13.072504043579102,13.065895795822144,12,12.549726724624634,0.168039321899414,12,10.756198167800903,0.1685876846313476,False,False,True,False
2306.16589,12,acmart,8.1574068069458,0.2177329063415527,0,24.17100763320923,0.1703939437866211,0,23.91486549377441,0.1153488159179687,12,5.254240036010742,5.3515918254852295,False,False,False,False
2306.03399,0,wlscirep,10.388397455215454,0.1701550483703613,0,11.17871379852295,0.1661019325256347,12,11.900626182556152,0.2169315814971923,0,6.954849720001221,0.1686084270477295,False,False,True,False
2306.00903,0,amsart,15.45247220993042,0.1672074794769287,0,17.173312425613403,0.1668167114257812,12,17.160119771957397,0.21946382522583,0,11.335753679275513,0.1720623970031738,False,True,True,False
2306.01508,0,amsart,11.501230478286743,0.1718490123748779,0,13.038739204406738,0.1679165363311767,0,13.508206129074097,0.1162717342376709,0,10.478727102279665,0.1738362312316894,False,True,True,False
2306.02156,0,IEEEtran,18.58108925819397,0.1697213649749755,0,20.05158114433289,0.169020414352417,12,19.63270878791809,0.2203516960144043,0,12.905801773071287,0.169891357421875,False,False,False,False
2306.00062,12,revtex4-1,3.444121837615967,0.220184326171875,0,10.478314876556396,0.1163291931152343,0,9.938185691833496,0.1165862083435058,0,6.421280384063721,0.1667501926422119,False,True,False,False
2306.00165,0,jfm,12.749321460723875,0.1176002025604248,0,13.754452466964722,0.1688032150268554,0,13.98338007926941,0.1162271499633789,0,9.169979333877563,0.1734786033630371,False,True,False,False
2306.01791,0,sn-jnl,10.727530717849731,0.1167948246002197,0,12.660710334777832,0.1692392826080322,0,11.179259300231934,0.1700773239135742,0,7.722246646881103,0.1774795055389404,False,True,True,False
2306.01691,12,acmart,8.471011400222778,0.2194361686706543,0,35.58554124832153,0.1159954071044921,0,38.041583776474,0.1679866313934326,0,26.437041521072388,0.1704540252685547,False,True,False,False
2306.00557,0,article,13.148930549621582,0.1174602508544921,0,14.1087007522583,0.1163163185119628,0,15.321183443069458,0.1166226863861084,0,11.381182670593262,0.166527509689331,True,True,True,True
2306.07013,12,ecai,7.972774028778076,0.219480276107788,0,24.54223394393921,0.1162240505218505,0,25.910365343093872,0.1703176498413086,0,20.793636083602905,0.1749866008758545,False,True,True,False
2306.0396,0,article,16.978150606155396,0.1764264106750488,0,18.0360164642334,0.1699361801147461,12,20.35423707962036,0.217332124710083,0,12.144241333007812,0.16951584815979,True,True,True,True
2306.01803,12,revtex4-1,7.260366678237915,0.2208063602447509,0,22.79513907432556,0.1156857013702392,0,24.922693014144897,0.1163246631622314,0,21.510674953460693,0.1720309257507324,False,False,True,False
2306.10905,0,revtex4,7.1584227085113525,0.1162502765655517,0,7.256482362747192,0.1164126396179199,0,7.307493209838867,0.1177253723144531,0,5.852023363113403,0.1713919639587402,True,True,True,True
2306.00131,0,mnras,15.263506889343262,0.1165573596954345,0,15.970882177352903,0.1168129444122314,0,16.80693554878235,0.1166236400604248,0,12.003787994384766,0.1697630882263183,False,True,False,False
2306.00155,0,amsart,11.177725315093994,0.1162977218627929,0,11.88052248954773,0.1702437400817871,0,12.851603507995604,0.1692228317260742,0,8.216443538665771,0.168508768081665,False,True,True,False
2306.00161,12,cup-journal,6.455641746520996,8.34000849723816,0,29.05224609375,0.1165101528167724,0,38.84397602081299,0.1680700778961181,0,21.727022171020508,0.1700975894927978,True,False,True,False
2306.00205,12,elsarticle,4.151443958282471,0.2201876640319824,0,11.74654221534729,0.1170921325683593,0,13.759903192520142,0.1162567138671875,0,9.930728197097778,0.1681892871856689,False,True,True,False
2306.00581,12,article,3.93784761428833,0.2200191020965576,0,11.744149446487429,0.1155986785888671,0,12.238303422927856,0.1167833805084228,0,8.778866052627563,0.1721243858337402,False,True,True,False
2306.00691,12,revtex4-2,7.827607870101929,0.2169227600097656,0,24.312392711639404,0.1160342693328857,0,24.48391556739807,0.1692430973052978,0,21.56766366958618,0.1680495738983154,False,True,True,False
2306.00456,0,CUP-JNL-JMJ,7.50581955909729,0.11692476272583,0,8.260745525360107,0.1713922023773193,0,8.714031219482422,0.1167469024658203,0,4.745924472808838,0.1739883422851562,True,True,True,True
2306.03275,0,revtex4-2,6.014980316162109,0.1716442108154297,0,6.608539819717407,0.1708588600158691,12,6.711372137069702,0.2239363193511963,0,5.608537435531616,0.1672472953796386,False,True,True,False
2306.00133,12,article,2.8415915966033936,0.2191786766052246,0,8.581340789794922,0.1697425842285156,0,9.188793420791626,0.1187465190887451,0,5.910948753356934,0.1749868392944336,False,True,True,False
2306.00126,12,article,10.234957695007324,0.2722232341766357,0,31.332610607147217,0.1692779064178466,0,31.94091010093689,0.1718170642852783,0,25.57491517066956,0.1757700443267822,False,True,True,False
2306.00927,12,article,30.530040979385376,0.2236626148223877,0,98.30804181098938,0.1680867671966552,0,105.1324553489685,0.1667084693908691,0,94.33672142028809,0.1701667308807373,False,False,True,False
2306.00621,12,article,6.203799486160278,0.2191221714019775,0,24.265679121017456,0.1167564392089843,0,25.61209273338318,0.1704583168029785,0,17.734787940979004,0.1685233116149902,False,True,True,False
2306.00181,12,article,6.24936842918396,0.2170205116271972,0,31.77800679206848,0.1684927940368652,0,25.274483680725098,0.1714894771575927,0,18.799413681030277,0.1682898998260498,False,True,True,False
2306.03395,12,acmart,7.770938873291016,0.2162389755249023,12,13.0546395778656,10.122796297073364,12,7.60812497138977,0.1700117588043213,12,6.260314702987671,0.219470739364624,False,False,False,False
2306.03888,12,amsart,5.142640829086304,0.21720552444458,0,18.02400851249695,0.1679937839508056,0,15.571398258209229,0.1173212528228759,0,12.88210129737854,0.1782648563385009,False,True,True,False
2306.00224,0,revtex4-2,8.765540838241577,0.1179714202880859,0,10.384296655654907,0.1716110706329345,0,5.795817852020264,0.1159508228302002,0,4.850212097167969,0.1169314384460449,False,True,True,False
2306.00034,12,book,24.584768056869507,0.2177379131317138,0,36.83384585380554,0.1668856143951416,0,32.65123152732849,0.1693682670593261,0,28.25779867172241,0.1706719398498535,False,True,True,False
2306.00193,12,revtex4-1,4.300887584686279,0.2189369201660156,0,14.81240200996399,0.1724505424499511,0,13.324295043945312,0.1740469932556152,0,9.579321384429932,0.1718068122863769,False,True,True,False
2306.00844,12,IEEEtran,3.539355516433716,0.2192978858947754,0,12.019597291946411,0.1689670085906982,0,10.680423974990845,0.1718842983245849,0,8.221717119216919,0.1688933372497558,False,True,True,False
2306.00403,12,cas-dc,8.686204433441162,0.2206742763519287,0,42.76975631713867,0.1688401699066162,0,34.63835859298706,0.1164600849151611,0,28.23377799987793,0.1707816123962402,False,True,True,False
2306.04209,12,revtex4-1,5.20270562171936,0.2751991748809814,12,6.350691080093384,6.222254276275635,12,5.349313259124756,0.1709439754486084,12,3.689375877380371,0.1725039482116699,False,False,True,False
2306.01284,12,article,6.751577377319336,0.3267836570739746,0,31.19393253326416,0.1699867248535156,0,26.988553762435917,0.1719622611999511,0,20.04159116744995,0.1688003540039062,False,True,True,False
2306.01372,0,amsart,14.330843687057495,0.118884801864624,0,16.471120595932007,0.1685774326324463,0,14.224108695983888,0.1157302856445312,0,12.316921949386597,0.1743471622467041,False,True,True,False
2306.00286,12,IEEEtran,23.539082765579224,0.2165060043334961,0,42.47087073326111,0.2144067287445068,0,37.28221011161804,0.1678707599639892,0,30.373202085494995,0.1701924800872802,False,False,True,False
2306.01179,12,svproc,4.598945617675781,0.219404935836792,0,15.233837604522703,0.1710045337677002,0,14.345723152160645,0.116119384765625,0,11.24148678779602,0.2186610698699951,False,True,True,False
2306.00373,0,amsart,15.23641872406006,0.268477201461792,0,12.56813907623291,0.167579174041748,12,10.94232940673828,0.2183718681335449,0,8.292965650558472,0.1690428256988525,False,True,True,False
2306.01402,0,revtex4-2,27.267518520355225,0.2685856819152832,0,15.958866596221924,0.1664960384368896,12,14.044573783874512,0.1664416790008545,0,12.065664291381836,0.1749324798583984,True,True,True,True
2306.00178,0,article,45.376530170440674,0.2182478904724121,0,28.656513214111328,0.1811914443969726,12,23.430259466171265,0.2208924293518066,0,19.98890709877014,0.1770808696746826,False,True,True,False
2306.02136,12,article,5.669178485870361,0.3188507556915283,0,13.072287559509276,0.1188385486602783,0,11.78433084487915,0.1709396839141845,0,9.50253176689148,0.1693325042724609,False,True,True,False
2306.00053,0,SciPost,31.79838442802429,0.2675197124481201,0,21.40288519859314,0.2191295623779297,12,18.863674879074097,0.2162864208221435,0,13.455594539642334,0.1663103103637695,False,True,True,False
2306.09186,0,article,32.93691372871399,0.2176175117492675,0,22.694926261901852,0.1714179515838623,0,19.495860815048218,0.1163051128387451,0,13.86764645576477,0.1708121299743652,False,True,True,False
2306.00048,12,revtex4-2,12.110150575637816,0.3694267272949219,0,16.061253786087036,0.1700079441070556,0,13.650532007217407,0.1683077812194824,0,10.441155195236206,0.1681480407714843,False,True,True,False
2306.15291,0,article,11.601719617843628,0.1675782203674316,0,8.114956855773926,0.1709086894989013,0,7.05528998374939,0.1156718730926513,0,6.05640983581543,0.1688776016235351,True,True,True,True
2306.00054,0,revtex4-2,17.989656686782837,0.2176008224487304,0,12.25781774520874,0.1687195301055908,12,10.64827585220337,0.1668136119842529,0,8.030974388122559,0.1707484722137451,True,True,True,True
2306.0088,12,,0.7768292427062988,0.7247054576873779,12,0.5728597640991211,0.5886447429656982,12,0.6198019981384277,0.1164338588714599,12,0.6218869686126709,0.1708152294158935,False,False,False,False
2306.10503,12,IEEEtran,6.647332429885864,0.3335127830505371,12,4.140569448471069,3.957630634307861,12,3.8874573707580566,0.1700162887573242,12,3.0011796951293945,0.1685845851898193,False,False,True,True
2306.00076,12,mnras,7.516887426376343,0.3688075542449951,0,19.842957973480225,0.1172840595245361,0,17.816728591918945,0.170969009399414,0,13.096832990646362,0.1678171157836914,False,True,False,False
2306.00043,0,sn-jnl,24.15776944160461,0.2180328369140625,0,16.197552919387817,0.1757392883300781,0,14.038875818252563,0.1738274097442627,0,11.231781005859377,0.1683075428009033,True,True,True,True
2306.00163,12,aa,17.87331748008728,0.3691103458404541,0,12.502118110656738,24.11744260787964,12,11.335206747055054,0.2265267372131347,12,9.999503374099731,0.1767578125,False,False,True,True
2306.02303,12,article,10.81000566482544,0.267341136932373,0,32.271262407302856,0.1672461032867431,0,33.370534896850586,0.1713912487030029,0,20.351256608963013,0.1683354377746582,False,True,True,False
2306.00661,0,amsart,7.304068326950073,0.1156497001647949,0,6.658924102783203,0.1771724224090576,0,6.355180501937866,0.1684236526489257,0,3.7585606575012207,0.1693003177642822,True,True,True,True
2306.16346,12,article,7.462301969528198,0.2182655334472656,0,20.91448855400085,0.1743497848510742,0,19.22201538085937,0.1715970039367675,0,13.456602811813354,0.1768960952758789,False,True,True,False
2306.01799,12,article,5.755336284637451,5.254197359085083,12,6.034985065460205,5.701880216598511,12,5.315339088439941,0.2182531356811523,12,3.7406415939331055,0.1680970191955566,False,False,True,False
2306.00008,12,article,6.974400043487549,0.269381046295166,0,29.64080810546875,0.1706836223602295,0,27.016806602478027,0.172290563583374,0,17.289794206619263,0.1733205318450927,False,True,True,False
2306.02033,12,revtex4-2,5.700960159301758,0.277789831161499,0,18.900763273239136,0.1704959869384765,0,17.14436101913452,0.1160116195678711,0,13.223992824554443,0.1673521995544433,False,True,True,False
2306.01544,0,article,18.42684555053711,0.1433711051940918,0,20.79185962677002,0.1682429313659668,12,19.791404485702515,0.2169327735900879,0,14.22817087173462,0.175215482711792,False,True,True,False
2306.00916,0,amsart,11.226980924606323,0.1724011898040771,0,13.220432996749878,0.167933702468872,12,12.592066049575806,0.2201426029205322,0,9.834565162658691,0.2330272197723388,True,True,True,True
2306.06151,12,opticajnl,5.650135278701782,0.219815969467163,0,19.41321420669556,0.1698987483978271,0,17.827012300491333,0.1161336898803711,0,11.08874773979187,0.1680123805999755,False,True,True,False
2306.00372,12,IEEEtran,5.145187616348267,0.2172436714172363,0,22.0173122882843,0.1747128963470459,0,21.181787967681885,0.166283369064331,0,14.731053829193115,0.1700363159179687,False,True,False,False
2306.0575,12,article,2.2812836170196533,2.1270852088928223,0,9.511715412139893,0.1181104183197021,0,6.624706983566284,0.1162300109863281,0,4.492655754089356,0.1670546531677246,False,True,True,False
2306.0049,12,iopart,0.3174107074737549,0.3172392845153808,12,0.3682515621185303,0.3739564418792724,12,0.5204107761383057,0.1686761379241943,12,0.4690968990325928,0.1705360412597656,False,False,False,False
2306.0006,0,mnras,12.75232982635498,0.1677455902099609,0,14.587208271026611,0.1667122840881347,12,16.706601858139038,0.2681090831756592,0,11.346228122711182,0.169680118560791,True,True,False,False
2306.00279,12,IEEEtran,3.541078329086304,0.2243392467498779,12,3.962657928466797,3.844978094100952,12,3.8896498680114746,0.1678805351257324,12,2.986114740371704,0.1431376934051513,False,False,True,True
2306.0059,0,amsart,7.512332439422607,0.1185994148254394,0,8.227633953094482,0.1162302494049072,0,8.380906105041504,0.1158103942871093,0,4.504429340362549,0.1774938106536865,True,True,True,True
2306.00343,0,IEEEtran,4.539021968841553,0.1163384914398193,0,5.2969396114349365,0.1168384552001953,0,5.297832489013672,0.1704175472259521,0,3.548128843307495,0.1733286380767822,True,True,True,True
2306.122,0,elsarticle,22.590245723724365,0.1177058219909668,0,17.287737131118774,0.1675279140472412,0,24.030797004699707,0.1165940761566162,0,18.85823893547058,0.171055793762207,True,True,True,True
2306.02062,0,IEEEtran,10.68884539604187,0.1173439025878906,0,13.086674451828005,0.1680514812469482,0,11.829971551895142,0.1155474185943603,0,7.526986837387085,0.1726095676422119,True,True,True,True
2306.01308,0,revtex4,6.098373651504517,0.1174821853637695,0,7.673485994338989,0.1768765449523925,0,7.205811738967895,0.1166508197784423,0,5.906148195266724,0.1741285324096679,False,True,True,False
2306.00371,12,article,3.238328218460083,0.2205004692077636,0,7.491664171218872,0.167201280593872,0,7.196340560913086,0.1671547889709472,0,4.251482725143433,0.1705596446990966,False,True,True,False
2306.0174,12,elsarticle,5.402321577072144,0.270587682723999,0,22.00367259979248,0.1697187423706054,0,20.446733236312863,0.1155321598052978,0,14.22668719291687,0.1674320697784423,False,True,True,False
2306.01592,0,article,5.554882764816284,0.1692943572998047,0,5.836978435516357,0.1163139343261718,0,5.851564168930054,0.116579532623291,0,4.141538381576538,0.2209537029266357,True,True,True,True
2306.00883,12,revtex4-1,6.310096025466919,0.21980881690979,0,21.299105644226078,0.167004108428955,0,18.986820697784424,0.1709725856781005,0,12.453133821487429,0.1701498031616211,False,True,True,False
2306.0019,12,ceurart,7.426215410232544,0.2736036777496338,0,28.585711002349854,0.1673595905303955,0,23.4692804813385,0.1159639358520507,0,16.551445245742798,0.1697258949279785,False,False,True,False
2306.00203,12,INTERSPEECH2023,4.242819309234619,0.2200255393981933,12,4.760716438293457,0.2725582122802734,0,13.237884283065796,0.1685154438018798,0,8.67337679862976,0.1701972484588623,True,False,True,False
2306.0192,12,article,6.151411294937134,0.2179772853851318,0,27.01514720916748,0.1694810390472412,0,26.12913727760315,0.1159241199493408,0,16.983007431030273,0.1695141792297363,False,True,True,False
2306.05701,12,acmart,9.723351001739502,0.2729759216308594,0,35.03823804855347,0.1668593883514404,0,30.149588108062744,0.1674427986145019,0,20.243094205856323,0.1697995662689209,False,True,True,False
2306.03987,12,article,3.252420425415039,0.2205698490142822,0,10.226933240890505,0.1166236400604248,0,10.741639137268066,0.1158721446990966,0,7.714213371276855,0.1696128845214843,False,True,True,False
2306.01838,0,article,15.153601169586182,0.1695878505706787,0,16.811826467514038,0.2219502925872802,12,15.555089712142944,0.2717070579528808,0,10.14845609664917,0.2229311466217041,True,True,False,False
2306.0443,0,article,4.397838592529297,0.1197531223297119,0,5.052790403366089,0.1719646453857422,0,4.699095010757446,0.119133710861206,0,3.5979273319244385,0.1720845699310302,False,False,True,False
2306.00331,0,INTERSPEECH2023,12.40171766281128,0.1763179302215576,0,14.922037601470947,0.1694555282592773,12,12.402711629867554,0.2218918800354004,0,7.663438558578491,0.1743068695068359,False,True,True,False
2306.10048,12,acmart,13.04511046409607,0.2724835872650146,0,58.8691942691803,0.1788556575775146,0,51.98910164833069,0.1680247783660888,12,10.96832513809204,11.763047933578491,False,False,False,False
2306.02692,0,article,30.681846141815186,0.1165165901184082,0,34.75056076049805,0.1665771007537841,0,31.211904287338257,0.1680171489715576,0,26.91454291343689,0.1700623035430908,False,True,False,False
2306.00145,0,article,51.984466552734375,0.1779563426971435,0,63.97317457199097,0.1670279502868652,0,55.68257665634155,0.1690602302551269,0,49.36021113395691,0.169741153717041,True,True,True,True
2306.00268,0,article,50.54567313194275,0.323110818862915,0,36.03512167930603,0.1695845127105713,0,33.21857047080994,0.1163666248321533,0,24.835139989852905,0.1693484783172607,True,True,True,True
2306.00575,0,acmart,25.018945693969727,0.2178554534912109,0,15.2267906665802,0.1659693717956543,12,14.307784795761108,0.1659340858459472,0,11.56074357032776,0.16752290725708,False,True,True,False
2306.00631,0,amsart,14.73444938659668,0.2179656028747558,0,10.089570999145508,0.1693568229675293,12,9.778022527694702,0.2200245857238769,0,6.208014965057373,0.1723787784576416,False,True,True,False
2306.009,0,revtex4-1,20.721162796020508,0.1671702861785888,0,14.153827905654907,0.1747274398803711,0,14.209494590759276,0.1707649230957031,0,8.420459270477295,0.1669702529907226,False,True,False,False
2306.00004,12,llncs,12.675754308700562,0.3690035343170166,0,21.48231148719788,0.1740949153900146,0,21.440961599349976,0.1699793338775634,0,14.279995679855348,0.1700053215026855,False,True,False,False
2306.00147,12,IEEEtran,16.661545515060425,0.318875789642334,12,13.16868281364441,13.117039680480955,12,12.415315866470335,0.1166000366210937,12,12.320311546325684,0.1707589626312255,False,False,True,True
2306.00167,12,wiley-article,13.526572942733765,0.3183305263519287,0,25.56703400611877,0.1667189598083496,0,24.82358717918396,0.1664779186248779,0,14.669782638549805,0.1746609210968017,False,True,False,False
2306.00056,12,revtex4-2,7.368762969970703,0.3182454109191894,12,4.965466737747192,4.947885990142822,12,5.647274255752564,0.1690120697021484,12,3.185059070587158,0.1728570461273193,False,False,False,True
2306.03855,12,acmart,13.92959189414978,0.3687663078308105,0,25.75483226776123,0.1690020561218261,0,24.68725609779358,0.1674284934997558,0,16.82038378715515,0.1712284088134765,False,False,False,False
2306.00921,12,revtex4-2,8.151146650314331,0.318415880203247,12,11.29107904434204,5.770835638046265,12,10.830748796463013,0.1156270503997802,12,9.0450541973114,0.181150197982788,False,False,True,False
2306.01629,0,revtex4,7.869232654571533,0.167316198348999,0,5.250160455703735,0.1158676147460937,0,4.840654850006104,0.1161468029022216,0,3.589884996414185,0.172842264175415,True,True,True,True
2306.12056,12,article,10.200944900512695,0.3188233375549316,0,22.383150100708008,0.1668667793273925,0,18.887880086898804,0.1681687831878662,0,13.661208868026732,0.1722843647003173,False,False,True,False
2306.00767,12,sn-jnl,8.97803020477295,0.3179802894592285,0,21.071316242218018,0.1699397563934326,0,16.255753993988037,0.1685371398925781,0,10.599833488464355,0.1726303100585937,False,True,True,False
2306.00025,12,acmart,18.83257222175598,0.4188780784606933,12,16.625062704086304,14.416054725646973,12,12.51168727874756,0.1712949275970459,12,9.427129745483398,0.3740954399108886,False,False,True,False
2306.00512,12,revtex4-1,5.801986455917358,0.318169355392456,0,12.664584875106812,0.1738157272338867,0,12.13744854927063,0.1667201519012451,0,9.67762565612793,0.1750426292419433,False,True,True,False
2306.0013,0,elsarticle,13.563920497894289,0.1676650047302246,0,9.660825729370115,0.1661152839660644,0,9.34032678604126,0.1169300079345703,0,6.054336309432983,0.1794002056121826,True,True,True,True
2306.00994,12,revtex4-1,5.307484149932861,0.3184611797332763,12,3.926635980606079,3.6457345485687256,12,3.8372106552124015,0.1163811683654785,12,3.365130424499512,0.1724231243133545,False,False,True,False
2306.00442,0,IEEEtran,22.600274801254272,0.2174148559570312,0,15.215877771377563,0.2207415103912353,12,13.447449684143066,0.217799425125122,0,9.075010061264038,0.1697990894317627,False,True,True,False
2306.00679,0,amsart,17.27337145805359,0.2186367511749267,0,11.903279304504396,0.1782305240631103,0,11.191832542419434,0.1162507534027099,0,7.766568660736084,0.1694216728210449,False,True,True,False
2306.00845,0,acmart,23.58535623550415,0.2539939880371094,0,15.820995330810549,0.1698641777038574,0,18.37748122215271,0.1663265228271484,12,5.1584789752960205,0.1674253940582275,False,True,False,False
2306.04271,0,acmart,21.15402889251709,0.171687364578247,0,15.773272037506104,0.1664881706237793,12,14.218914985656738,0.2216393947601318,12,4.850606918334961,0.1678476333618164,False,True,False,False
2306.02925,0,article,10.806213855743408,0.1177687644958496,0,14.747735261917114,0.2288169860839843,0,11.2333664894104,0.1169488430023193,0,9.797845840454102,0.116391897201538,False,False,True,False
2306.00655,0,NST,11.18289589881897,0.1699259281158447,0,12.35843300819397,0.1717996597290039,12,11.0772442817688,0.2202558517456054,0,7.860059499740601,0.1697394847869873,True,True,True,True
2306.0034,12,revtex4-2,11.398550748825071,0.2166204452514648,12,15.440090417861938,16.308184385299683,12,11.603455781936646,0.1161947250366211,12,9.903743028640749,0.1690995693206787,False,False,True,False
2306.00039,0,jpconf,8.038151025772095,0.1158893108367919,0,11.23326849937439,0.2246637344360351,12,8.590741157531738,0.2191114425659179,0,5.8179121017456055,0.1678221225738525,True,True,True,True
2306.01663,0,amsart,9.217231035232544,0.168381929397583,0,10.143927812576294,0.1705272197723388,12,10.541770935058594,0.1660676002502441,0,6.308865785598755,0.1680166721343994,True,True,True,True
2306.00334,0,amsart,7.110362768173218,0.1729743480682373,0,7.181448221206665,0.1166348457336425,0,7.355918645858765,0.1703805923461914,0,5.197726011276245,0.170048713684082,True,True,True,True
2306.00397,12,amsart,4.492651700973511,0.2184436321258545,0,16.631651878356934,0.168384313583374,0,13.490458488464355,0.1729977130889892,0,11.442402362823486,0.1695761680603027,False,True,True,False
2306.00678,12,revtex4-2,6.316289186477661,6.047725677490234,0,18.631518602371216,0.3655667304992676,12,12.447595596313477,0.2206883430480957,0,8.894073724746704,0.1702961921691894,False,True,True,False
2306.01825,0,amsart,8.064731121063232,0.1179959774017334,0,12.0004301071167,0.1678378582000732,0,8.158332824707031,0.1707656383514404,0,5.750478267669678,0.1684355735778808,True,True,True,True
2306.01063,0,amsart,25.54953694343567,0.168734073638916,0,41.14953351020813,0.1681606769561767,12,26.33029317855835,0.22003173828125,0,18.61327314376831,0.1658165454864502,True,True,True,True
2306.00702,0,article,9.918771028518677,0.1775166988372802,0,15.547265529632568,0.2195422649383545,12,9.9162278175354,0.1662871837615966,0,7.362359523773193,0.1675193309783935,False,True,True,False
2306.0349,0,llncs,17.811745405197144,0.1695911884307861,0,26.08423447608948,0.222059965133667,12,19.284701585769653,0.2701179981231689,0,16.754024744033813,0.1676065921783447,True,True,True,True
2306.07988,12,elsarticle,4.943928241729736,0.2234547138214111,0,25.638096570968628,0.1659064292907714,0,18.67129635810852,0.1162416934967041,0,14.075499534606934,0.1743144989013672,False,True,True,False
2306.05939,12,revtex4-2,4.291543006896973,0.2173612117767334,0,16.565681219100952,0.1709799766540527,0,12.544416904449465,0.1161837577819824,0,10.632606744766235,0.1714482307434082,False,True,True,False
2306.01965,12,revtex4-2,7.032286882400513,0.2194089889526367,0,36.904780864715576,0.1697936058044433,0,28.13922762870789,0.1170368194580078,0,22.89486312866211,0.1688642501831054,False,True,True,False
2306.07731,0,amsart,21.733253717422485,0.1168773174285888,0,30.9443154335022,0.1683309078216552,0,15.39446258544922,0.1158676147460937,0,12.339139699935911,0.168403148651123,False,True,True,False
2306.00002,12,elsarticle,4.64021110534668,0.2173137664794922,0,22.3349883556366,0.1691079139709472,0,19.53632950782776,0.1169414520263671,0,11.654301643371582,0.1677272319793701,False,True,True,False
2306.00007,12,article,4.35905647277832,0.2182471752166748,0,15.900902032852173,0.1747579574584961,0,12.992159128189089,0.1733319759368896,0,9.625085592269896,0.167872667312622,False,True,True,False
2306.00308,12,article,7.457126617431641,0.2707381248474121,0,31.093021154403687,0.1706368923187255,0,21.75100255012512,0.1167888641357421,0,16.686524391174316,0.1681108474731445,False,True,True,False
2306.01192,12,elsarticle,6.363327503204346,0.2201402187347412,0,24.655750513076782,0.1669387817382812,0,18.64250373840332,0.1697828769683838,0,14.05561876296997,0.1686978340148925,False,True,True,False
2306.00981,0,revtex4-2,8.723701238632202,0.1703944206237793,0,12.9375102519989,0.1662003993988037,12,8.720303058624268,0.2219090461730957,0,6.411493301391602,0.1703228950500488,True,True,True,True
2306.00209,12,amsart,3.789447546005249,0.2188231945037841,0,17.0733425617218,0.1670129299163818,0,11.479937553405762,0.1158452033996582,0,8.555960655212402,0.1710734367370605,False,True,True,False
2306.00107,0,article,14.168592929840088,0.1685004234313964,0,19.0597186088562,0.2207775115966797,12,13.803077697753906,0.2168073654174804,0,10.331835985183716,0.1670417785644531,False,True,True,False
2306.01625,0,amsart,33.17812776565552,0.1759669780731201,0,57.97811651229858,0.1668944358825683,0,36.18464183807373,0.1671609878540039,0,35.679829120635986,0.1708195209503173,False,False,True,False
2306.00089,12,elsarticle,10.12480902671814,0.2174117565155029,0,54.640811920166016,0.1668236255645752,0,43.42564725875855,0.1163775920867919,0,35.967851400375366,0.1718466281890869,False,True,True,False
2306.00773,12,agujournal2019,4.868361711502075,0.2210400104522705,12,6.523930549621582,6.588390588760376,12,5.248813629150391,0.1679053306579589,12,4.365434408187866,0.1725847721099853,False,False,True,True
2306.00388,12,mnras,12.61222243309021,0.2195577621459961,0,63.64387249946594,0.1702804565429687,0,49.86009478569031,0.1670923233032226,0,43.92305946350098,0.1668956279754638,False,True,False,False
2306.00073,0,revtex4-2,8.265840768814087,0.1727614402770996,0,10.92051911354065,0.168248176574707,12,9.440632343292236,0.2202177047729492,0,5.6568825244903564,0.1673097610473632,True,True,True,True
2306.00717,12,IEEEtran,4.5527894496917725,0.2194471359252929,0,22.02341151237488,0.1662807464599609,0,17.513030767440796,0.1701984405517578,0,12.562519073486328,0.166727066040039,False,True,True,False
2306.00269,0,article,3.501692295074463,0.1175992488861084,0,4.863572359085083,0.1821882724761963,0,3.6856210231781006,0.1154482364654541,0,2.989668607711792,0.1768033504486084,True,True,False,False
2306.00216,0,amsart,9.414743661880491,0.1181414127349853,0,13.394492149353027,0.1693396568298339,0,13.70315933227539,0.1686806678771972,0,5.9515228271484375,0.1705861091613769,False,True,True,False
2306.00296,0,article,10.926901578903198,0.1188249588012695,0,14.641519784927368,0.1681547164916992,0,16.732974767684937,0.1155197620391845,0,7.512015342712402,0.1679713726043701,False,True,True,False
2306.00681,12,IEEEtran,5.245556354522705,0.2194466590881347,0,21.50491499900818,0.1701929569244384,0,21.645140886306763,0.1686153411865234,0,11.264680862426758,0.1697793006896972,False,True,True,False
2306.01745,12,article,9.839580297470093,0.274869441986084,0,42.09819149971008,0.1152520179748535,0,42.56091284751892,0.1709017753601074,0,32.226274728775024,0.169584035873413,False,False,True,False
2306.03822,12,article,4.089566707611084,4.042577028274536,0,73.17463397979736,0.173344612121582,0,64.79541659355164,0.1712276935577392,0,56.08036351203919,0.171860933303833,False,True,True,False
2306.13655,0,article,9.06286907196045,0.1167023181915283,0,9.269278049468994,0.1172935962677002,0,7.209063768386841,0.1662523746490478,0,4.4951012134552,0.1683728694915771,True,True,True,True
2306.05379,12,mhd,2.783205509185791,0.217527151107788,0,8.945388555526733,0.118650197982788,0,8.815247774124146,0.1170623302459716,0,7.271503448486328,0.178215742111206,False,True,True,False
2306.00031,12,,0.9824929237365724,0.4898862838745117,12,0.6194031238555908,0.5700063705444336,12,0.8712737560272217,0.1161732673645019,12,0.875011682510376,0.1793477535247802,False,False,False,False
2306.00474,0,amsart,10.0720956325531,0.1747636795043945,0,10.880757093429564,0.1678032875061035,0,10.735862255096436,0.1730833053588867,0,6.762097120285034,0.1721541881561279,True,True,True,True
2306.06,12,article,4.347175598144531,0.2213521003723144,0,13.698225259780884,0.1701841354370117,0,13.041302919387816,0.1163709163665771,0,8.235098123550415,0.1712427139282226,False,True,True,False
2306.00235,0,article,18.33259415626526,0.1155850887298584,0,20.11618995666504,0.1710965633392334,0,11.698083400726318,0.1189742088317871,0,12.03787636756897,0.1697261333465576,True,True,True,True
2306.00045,12,article,19.72867202758789,0.2733478546142578,0,63.84117817878723,0.1684608459472656,0,56.33520865440369,0.2184972763061523,0,50.79102277755737,0.2238810062408447,False,True,True,False
2306.00225,0,amsart,5.8511717319488525,0.166762113571167,0,5.601760387420654,0.1159453392028808,0,6.257787704467773,0.2260308265686035,0,3.0912389755249023,0.1165802478790283,True,True,True,True
2306.01842,12,revtex4-1,3.957098007202149,0.2178559303283691,0,7.168836832046509,0.1154098510742187,0,8.932257413864136,0.1161084175109863,0,5.148950576782227,0.1704306602478027,False,True,True,False
2306.03059,12,revtex4-2,22.252960205078125,0.2176721096038818,0,28.360053539276123,0.1701562404632568,0,29.231886863708496,0.1711883544921875,0,27.80562448501587,0.1706440448760986,False,True,True,False
2306.03763,12,article,5.915030956268311,0.2752244472503662,0,16.978204488754272,0.1688637733459472,0,17.023918867111206,0.1684138774871826,0,11.241153717041016,0.1796557903289795,False,False,True,False
2306.00378,0,acmart,24.067286491394043,0.1677114963531494,0,19.843003511428837,0.1666693687438964,12,18.573798179626465,0.2215564250946045,12,7.21287202835083,0.1707336902618408,False,True,False,False
2306.15076,12,acmart,8.533453941345215,0.278425931930542,0,32.57245993614197,0.1181211471557617,0,29.147146701812744,0.1686494350433349,12,4.9131247997283936,4.947828054428101,False,True,False,False
2306.00051,12,revtex4-2,4.756983995437622,0.2784316539764404,0,11.733901500701904,0.1179409027099609,0,12.052252054214478,0.1161293983459472,0,8.873001098632812,0.1676311492919922,False,True,True,False
2306.00363,12,revtex4-2,7.719173431396484,0.2724416255950928,0,21.061676263809204,0.1696963310241699,0,24.6926212310791,0.1158530712127685,0,16.14507269859314,0.1686551570892334,False,True,True,False
2306.00741,0,amsart,2.230717897415161,0.118459939956665,0,2.0277228355407715,0.1189131736755371,0,2.329177141189575,0.1159188747406005,0,1.83107590675354,0.1747996807098388,True,True,True,True
2306.00471,12,amsart,26.83733940124512,0.2697498798370361,0,102.26093673706056,0.1165955066680908,0,109.98344588279724,0.1737313270568847,0,99.41288352012634,0.1765596866607666,False,True,True,False
2306.00569,0,revtex4-2,8.315736055374146,0.115924596786499,0,7.257460355758667,0.1748254299163818,0,7.204824447631836,0.1158657073974609,0,4.953037023544312,0.1762924194335937,False,True,False,False
2306.00059,0,iau,10.2354576587677,0.1165566444396972,0,9.720566511154177,0.1167740821838378,0,9.673035621643066,0.1160833835601806,0,6.907916784286499,0.1662437915802002,True,True,True,True
2306.00322,12,revtex4-1,2.935187816619873,0.2173879146575927,12,2.5366523265838623,2.482569694519043,12,2.629868268966675,0.1163446903228759,12,2.1496293544769287,0.1702771186828613,False,False,True,True
2306.00109,0,amsart,7.311878442764282,0.116105318069458,0,6.51765513420105,0.1161854267120361,0,6.709287166595459,0.1160614490509033,0,5.655936241149902,0.116124153137207,True,True,True,True
2306.00436,12,revtex4-2,4.9964988231658936,0.2669298648834228,0,16.10603380203247,0.1160273551940918,0,16.21724271774292,0.1160087585449218,0,15.357040405273438,0.169050931930542,False,True,True,False
2306.05803,12,article,6.6077964305877686,0.2372767925262451,0,16.43188452720642,0.1745157241821289,0,16.410817623138428,0.1165888309478759,0,12.340393304824827,0.1690478324890136,False,False,True,False
2306.01294,0,amsart,24.913807153701782,0.1162045001983642,0,20.60664367675781,0.1167278289794921,0,21.17651414871216,0.1156826019287109,0,20.942623376846317,0.1703009605407714,True,True,True,True
2306.0151,0,amsart,14.82021427154541,0.1679978370666504,0,14.161940813064575,0.1156830787658691,0,14.290664196014404,0.1704039573669433,0,9.532719612121582,0.1708183288574218,False,True,True,False
2306.00116,0,amsart,11.382471561431885,0.1719598770141601,0,10.423863887786863,0.1160476207733154,0,10.38755202293396,0.1693403720855713,0,6.918822765350342,0.1772325038909912,False,True,True,False
2306.00818,12,article,14.400247812271118,0.2179999351501464,0,33.81272888183594,0.1163134574890136,0,35.780537843704224,0.1668896675109863,0,26.33974027633667,0.1666531562805175,False,True,False,False
2306.00075,12,ieeeconf,5.955950736999512,0.2176754474639892,12,5.5478692054748535,5.562286853790283,12,5.647939682006836,0.1193747520446777,12,4.721660375595093,0.1674234867095947,False,False,True,True
2306.01235,0,amsart,3.1844193935394287,0.1180951595306396,0,3.1314024925231934,0.1156783103942871,0,4.0432562828063965,0.1163721084594726,0,2.431204319000244,0.1666128635406494,True,False,False,True
2306.02394,0,revtex4,4.697466135025024,0.117366075515747,0,4.488603353500366,0.1167848110198974,0,4.747364044189453,0.1156682968139648,0,3.537351131439209,0.1163821220397949,True,True,True,True
2306.00249,12,article,66.8955729007721,0.2730183601379394,TIMED_OUT,-1.0,-1.0,0,213.31475973129272,0.2180492877960205,0,180.1370975971222,0.2234456539154052,False,True,True,False
2306.01903,12,elsarticle,10.190797805786133,0.2712159156799316,0,53.114370346069336,0.1665487289428711,0,44.67005562782288,0.2193987369537353,0,29.85402584075928,0.1701753139495849,False,True,True,False
2306.08248,12,revtex4-2,6.867635250091553,0.2170274257659912,0,24.117175579071045,0.1699757575988769,0,20.16994595527649,0.1180863380432128,0,18.33496999740601,0.1768147945404052,False,True,True,False
2306.00009,12,acmart,7.113829851150513,0.2769496440887451,0,24.925358533859253,0.1157484054565429,0,18.718513250350952,0.1157732009887695,12,4.346876621246338,4.650314569473267,False,True,False,False
2306.0042,0,llncs,10.538187265396118,0.1727149486541748,0,11.04404354095459,0.1674811840057373,12,9.984097719192505,0.2199099063873291,0,7.158848524093628,0.1671125888824463,False,True,True,False
2306.00166,0,svjour3,16.81637978553772,0.1691045761108398,0,20.999454736709595,0.1670467853546142,12,15.756046533584597,0.2250654697418213,0,12.258444786071776,0.1735439300537109,True,True,True,True
2306.00159,0,article,6.957705497741699,0.1701164245605468,0,9.940701246261597,0.1160645484924316,0,7.405835390090942,0.1169183254241943,0,5.146503925323486,0.1688332557678222,True,True,True,True
2306.09529,0,article,13.865975141525269,0.1161906719207763,0,16.366003036499023,0.1666154861450195,12,11.798523426055908,0.2177937030792236,0,9.17641544342041,0.1683449745178222,True,True,True,True
2306.16731,12,article,5.960383176803589,0.2181329727172851,0,22.801580667495728,0.1164093017578125,0,19.9419059753418,0.1682417392730713,0,14.773020505905151,0.1698391437530517,False,True,True,False
2306.00158,0,aastex63,14.919669389724731,0.1171631813049316,0,21.52984857559204,0.2388172149658203,0,14.490514278411863,0.1164588928222656,0,10.98564314842224,0.172314167022705,False,True,True,False
2306.00026,0,jmlr,13.298083066940308,0.1665406227111816,0,13.794068574905396,0.1736493110656738,12,11.979851961135864,0.2172164916992187,0,8.169595718383789,0.1688683032989502,False,True,True,False
2306.00991,0,amsart,9.821335315704346,0.1172337532043457,0,9.323148727416992,0.1167511940002441,0,11.26675796508789,0.169217824935913,0,6.743039608001709,0.1712429523468017,True,True,True,True
2306.05217,12,revtex4-2,7.326249361038208,0.2680373191833496,0,13.404948949813845,0.1694371700286865,0,16.33955979347229,0.168891429901123,0,9.377185821533203,0.1727285385131836,False,False,True,False
2306.00422,0,revtex4-1,9.327062129974363,0.1200709342956543,0,9.167663335800173,0.1173646450042724,0,9.435658931732178,0.1159381866455078,0,7.4608330726623535,0.1169161796569824,False,False,False,False
2306.01441,0,amsart,6.611293315887451,0.1691241264343261,0,6.01713490486145,0.1162014007568359,0,6.15190577507019,0.1739912033081054,0,4.0908966064453125,0.1161398887634277,False,True,True,False
2306.00027,0,IEEEtran,23.198318481445312,0.1722548007965088,0,26.10311079025269,0.1165354251861572,0,24.413414239883423,0.1718451976776123,0,17.525102615356445,0.1690914630889892,False,True,True,False
2306.00064,12,revtex4-2,3.2902867794036865,0.2181434631347656,0,10.93478298187256,0.1722452640533447,0,10.281774520874023,0.1708934307098388,0,8.524704217910767,0.1782135963439941,False,True,False,False
2306.02434,12,IEEEapm,2.329796314239502,0.2206490039825439,12,2.2818195819854736,2.232151985168457,12,2.433232545852661,0.170137882232666,12,2.3824703693389893,0.1710214614868164,False,False,True,True
2306.07778,12,elsarticle,4.9070422649383545,0.2703800201416015,0,19.9557101726532,0.1164760589599609,0,19.859460592269897,0.1708450317382812,0,15.846752643585203,0.1716320514678955,False,True,True,False
2306.00819,12,optica-article,6.126949310302734,0.2198512554168701,0,27.114105939865112,0.1672544479370117,0,19.020045280456543,0.1168792247772216,0,12.34864330291748,0.1711318492889404,False,True,False,False
2306.03768,0,amsproc,9.581639051437378,0.1708378791809082,0,11.44639801979065,0.1152234077453613,0,9.93642520904541,0.1166300773620605,0,6.474742650985718,0.1706554889678955,True,True,True,True
2306.00141,0,amsart,22.525787353515625,0.167234182357788,0,30.23812055587769,0.1666288375854492,12,22.83876633644104,0.2164320945739746,0,15.77022385597229,0.1707284450531005,False,True,False,False
2306.01949,12,revtex4,5.297752141952515,0.2179038524627685,0,24.2133104801178,0.1156060695648193,0,20.32574844360352,0.1163465976715087,0,13.57302951812744,0.1730368137359619,False,True,True,False
2306.00154,0,article,36.739830493927,0.1661069393157959,0,41.10227155685425,0.1696040630340576,12,34.69012665748596,0.2182333469390869,0,28.15459251403809,0.1676602363586425,False,True,True,False
2306.00287,12,mnras,5.043977975845337,0.268693208694458,0,19.556082725524902,0.1699495315551757,0,18.083377599716187,0.1749463081359863,0,13.246684312820436,0.1687850952148437,False,True,False,False
2306.0051,0,article,3.8926806449890137,0.1701815128326416,0,4.147222280502319,0.1156713962554931,0,3.6859538555145264,0.1164610385894775,0,3.0401759147644043,0.1161627769470214,True,True,False,False
2306.00727,0,amsart,14.515735387802124,0.1167654991149902,0,15.369922876358032,0.1713314056396484,0,14.867115020751951,0.1702265739440918,0,9.975126504898071,0.1755812168121338,True,True,True,True
2306.00493,0,article,7.305861711502075,0.1161704063415527,0,7.725723505020142,0.1160323619842529,0,8.015642404556274,0.1740961074829101,0,5.414532423019409,0.1678683757781982,True,True,True,True
2306.00408,0,IEEEtran,6.811082363128662,0.1765668392181396,0,7.6152663230896,0.1757521629333496,12,6.60583758354187,0.1666624546051025,0,5.203990697860718,0.1713347434997558,True,True,True,True
2306.00882,0,amsart,3.44111967086792,0.1157934665679931,0,4.295438528060913,0.2173020839691162,12,3.640368461608887,0.1667044162750244,0,3.2404825687408447,0.1722402572631836,True,True,True,True
2306.00464,12,acmart,10.091341257095335,0.2725865840911865,0,32.095351219177246,0.1158134937286377,0,32.13939428329468,0.2188329696655273,0,22.92155623435974,0.1675117015838623,False,False,True,False
2306.02764,12,elsarticle,6.354397773742676,0.2702243328094482,0,19.33698511123657,0.1172316074371337,0,26.740655422210693,0.1160531044006347,0,12.79200553894043,0.1679995059967041,False,True,True,False
2306.00278,0,amsart,7.913821220397949,0.1159720420837402,0,7.465258836746216,0.1155412197113037,0,6.103351593017578,0.1162915229797363,0,3.791177034378052,0.1167116165161132,True,True,True,True
2306.00222,12,article,6.672686338424683,0.2700238227844238,0,24.11056137084961,0.1157326698303222,0,25.85852527618408,0.1741406917572021,0,19.106165647506717,0.1717753410339355,False,True,True,False
2306.03766,0,revtex4,9.418974161148071,0.1162867546081543,0,10.81969141960144,0.1734108924865722,0,10.090288400650024,0.1708545684814453,0,6.858862400054932,0.1723518371582031,True,True,True,True
2306.00478,0,article,1.6815314292907717,0.1174004077911377,0,1.775376558303833,0.1692671775817871,0,2.0804214477539062,0.116589069366455,0,1.930933952331543,0.1702809333801269,True,True,True,True
2306.00537,12,article,3.841352939605713,0.2181591987609863,0,10.487181901931764,0.1180198192596435,0,12.623026609420776,0.1723527908325195,0,9.57593846321106,0.175356388092041,False,True,False,False
2306.00019,0,article,16.82436442375183,0.1749036312103271,0,16.31729769706726,0.1670835018157959,12,18.307676315307617,0.2232053279876709,0,10.198286056518556,0.1681165695190429,False,True,True,False
2306.01515,0,iopart,20.281280279159542,0.1166830062866211,0,20.009053707122803,0.169825792312622,0,21.996534824371334,0.1167964935302734,0,15.109954118728638,0.1756291389465332,True,True,False,False
2306.10949,0,revtex4,8.682307720184326,0.1769256591796875,0,7.910916090011597,0.1162662506103515,0,10.668132305145264,0.1685466766357422,0,5.549749374389648,0.167736530303955,False,True,True,False
2306.01403,12,revtex4-2,3.385589122772217,0.2195234298706054,0,14.22252082824707,0.1165714263916015,0,18.99513292312622,0.1675403118133545,0,10.302971124649048,0.1723015308380127,False,True,False,False
2306.01511,12,article,4.996945858001709,0.2184393405914306,0,19.676608085632324,0.1681008338928222,0,22.6110200881958,0.1675901412963867,0,13.863909482955933,0.168715238571167,False,True,True,False
2306.00469,0,elsarticle,11.93654179573059,0.1676006317138672,0,8.282463550567627,0.1672053337097168,12,11.972908020019531,0.2215657234191894,0,8.081977844238281,0.1741998195648193,True,True,False,False
2306.0016,12,INTERSPEECH2023,5.751521110534668,0.2178189754486084,0,15.652330875396729,0.167076826095581,0,15.100073099136353,0.11663818359375,0,9.577548742294312,0.1781098842620849,False,True,True,False
2306.00394,12,revtex4-1,3.937735557556152,0.218524694442749,0,11.497161626815796,0.1161110401153564,0,7.406380414962768,0.1728734970092773,0,6.556978464126587,0.1742141246795654,False,True,False,False
2306.00221,0,revtex4-2,73.28322792053223,0.1712403297424316,0,74.83754539489746,0.1681838035583496,12,84.76490879058838,0.2210807800292968,0,64.71975493431091,0.1760494709014892,False,True,True,False
2306.00234,0,IEEEtran,4.393134355545044,0.1162924766540527,0,4.039414644241333,0.1676046848297119,0,4.440651178359985,0.1688053607940673,0,3.492594718933105,0.1159689426422119,True,True,True,True
2306.04202,12,dccpaper,6.305123567581177,0.2187414169311523,0,18.353721857070923,0.1750733852386474,0,24.88305068016052,0.1670589447021484,0,13.07098913192749,0.1683599948883056,False,True,True,False
2306.00214,0,amsart,8.032942056655884,0.1162257194519043,0,9.29411268234253,0.1695523262023925,0,10.98208737373352,0.1171209812164306,0,5.449885845184326,0.1689364910125732,True,True,True,True
2306.01935,0,oup-authoring-template,15.25218653678894,0.1168227195739746,0,17.416457891464233,0.1683275699615478,0,17.50505304336548,0.1698906421661377,0,10.48401927947998,0.1722149848937988,True,True,True,True
2306.02792,0,amsart,14.512824773788452,0.1721413135528564,0,14.747976541519163,0.1674311161041259,0,16.301825523376465,0.1162035465240478,0,9.641717195510864,0.1739044189453125,False,True,True,False
2306.04132,0,amsart,11.38609504699707,0.1175563335418701,0,11.343282461166382,0.1161308288574218,0,12.853854894638062,0.1699953079223632,0,8.168986320495605,0.1741232872009277,True,True,True,True
2306.0166,0,article,12.108694553375244,0.1692578792572021,0,11.994225025177002,0.1708455085754394,12,12.594380378723145,0.2207434177398681,0,8.02129864692688,0.167126178741455,False,True,True,False
2306.09175,0,article,33.190765380859375,0.1681296825408935,0,34.02601170539856,0.1165826320648193,0,38.33506989479065,0.1686935424804687,0,24.745009183883667,0.1737005710601806,False,True,True,False
2306.00103,12,article,9.528298616409302,0.279024600982666,0,44.9340410232544,0.169727087020874,0,44.61198401451111,0.1684687137603759,0,26.66804671287537,0.1742854118347168,False,True,True,False
2306.00266,0,article,15.202420473098757,0.1680991649627685,0,14.098079442977903,0.1161389350891113,0,15.57790184020996,0.1168792247772216,0,9.97856378555298,0.1707167625427246,False,True,True,False
2306.04598,0,aastex631,10.84642767906189,0.1163530349731445,0,10.070192813873293,0.1170687675476074,0,10.369866132736206,0.1684827804565429,0,6.63590669631958,0.1727306842803955,True,True,True,True
2306.00299,12,article,5.093649387359619,0.2171990871429443,0,12.784840822219849,0.1748976707458496,0,13.55739712715149,0.1717574596405029,0,9.475502490997314,0.1681115627288818,False,True,True,False
2306.00081,0,revtex4-2,17.63530993461609,0.1716957092285156,0,16.42617630958557,0.1704294681549072,12,16.627623558044434,0.1664419174194336,0,13.687116622924805,0.1723735332489013,True,True,True,True
2306.00138,12,revtex4-1,4.141461610794067,0.2720539569854736,0,12.10300874710083,0.1707849502563476,0,12.606637001037598,0.1161565780639648,0,9.29054880142212,0.1704189777374267,False,True,True,False
2306.00229,0,acmart,15.15575647354126,0.1674432754516601,0,17.296709775924683,0.1666164398193359,12,13.536749839782717,0.1665165424346923,0,9.369951725006104,0.1706068515777588,False,False,True,False
2306.00156,0,elsarticle,12.557211875915527,0.1678552627563476,0,13.72065281867981,0.1670911312103271,12,11.996107339859009,0.1663045883178711,0,9.92622447013855,0.1675820350646972,True,True,True,True
2306.0058,12,nbdt-article,8.917415857315063,0.271481990814209,0,28.095579624176025,0.1706869602203369,0,24.5467312335968,0.1682653427124023,0,16.734198570251465,0.1677443981170654,False,True,True,False
2306.0003,12,iopart,0.369687557220459,0.3760216236114502,12,0.4204099178314209,0.3710513114929199,12,0.4692065715789795,0.1162869930267334,12,0.4786438941955566,0.175389289855957,False,False,False,False
2306.00558,12,amsart,5.709240436553955,4.948498487472534,12,5.595552682876587,5.6493916511535645,12,6.117967367172241,0.1696443557739257,12,4.300384283065796,0.1687967777252197,True,False,True,False
