arxiv_id,docclass,20_ret,23_ret,20_time1,20_time2,23_time1,23_time2,20<>23,LV,LV_clean,OP_upper,OP_lower,OP_move,INS_DEL,CHRDIFF_nett,CHRDIFF_uniq,IMG_order,IMG_missing,IMG_size,FONT_num,FONT_uniq,PG_num
2306.04587,article,0,0,21.21231031,0.16749835,11.18954229,0.171660662,FALSE,2,2,0,0,0,0,0,4,TRUE,0,0,0,0,0
2306.00049,mnras,0,0,97.85661793,0.167212486,75.94625211,0.167282104,FALSE,19,2,0,0,4,-1,0,4,TRUE,0,0,0,6,0
2306.11061,article,0,0,16.17382813,0.166390896,10.42427707,0.167664051,FALSE,2,2,0,0,0,0,0,4,TRUE,0,0,0,0,0
2306.02667,elsarticle,12,12,10.03379512,9.904545069,6.211815596,0.166701555,FALSE,6484,5441,0,0,52,-6236,-5329,81,TRUE,0,0,3,5,1
2306.0007,article,0,0,25.67609859,0.16663456,15.1112752,0.166676998,FALSE,13987,5849,7,9,3285,-2,0,6,TRUE,0,0,0,0,0
2306.02708,amsart,0,0,21.2971971,0.218646526,11.93194342,0.167136192,FALSE,2,2,0,0,0,0,0,4,TRUE,0,0,0,0,0
2306.00489,INTERSPEECH2023,0,0,12.82423377,0.227016926,7.123998165,0.170181751,TRUE,0,0,0,0,0,0,0,0,TRUE,0,0,0,0,0
2306.00432,article,0,0,12.38328505,0.222172499,6.556469202,0.217348576,TRUE,0,0,0,0,0,0,0,0,TRUE,0,0,0,0,0
2306.06241,elsarticle,0,0,17.10470629,0.170424938,43.25733209,0.16941762,TRUE,2,2,0,0,0,0,0,4,TRUE,0,0,0,0,0
2306.00182,amsart,0,0,31.48038602,0.167045355,20.2552433,0.218645573,FALSE,131,66,0,0,20,4,0,4,TRUE,0,0,0,0,0
2306.00389,article,0,0,26.48976731,0.167880535,15.16458535,0.178109169,FALSE,1,0,0,0,0,-1,0,0,TRUE,0,0,0,0,0
2306.00125,article,0,0,23.81857967,0.167951107,10.72998548,0.172490835,FALSE,2,2,0,0,0,0,0,4,TRUE,0,0,0,0,0
2306.00293,achemso,0,0,23.15859175,0.171965122,16.21225595,0.133854389,FALSE,2,2,0,0,0,-2,-2,1,TRUE,0,0,0,0,0
2306.0021,article,12,0,7.221381903,8.015714645,14.29695392,0.172616005,FALSE,418,181,0,0,84,81,117,12,TRUE,0,0,0,0,1
2306.01661,revtex4-1,0,0,47.39372921,0.168809414,10.58250809,0.167374372,TRUE,2,2,0,0,0,0,0,4,TRUE,0,0,0,0,0
2306.08345,acmart,0,12,45.36133504,0.116255045,6.96878314,7.206497669,FALSE,677,318,0,0,97,-201,-166,13,TRUE,0,0,0,0,0
2306.00028,revtex4-2,0,0,11.24024439,0.171739101,10.03556609,0.16697073,TRUE,0,0,0,0,0,0,0,0,TRUE,0,0,0,0,0
2306.01534,article,0,0,9.583948374,0.166802406,7.356696844,0.167931557,TRUE,0,0,0,0,0,0,0,0,TRUE,0,0,0,0,0
2306.00194,amsart,0,0,11.12464285,0.116013527,7.370506525,0.169047594,FALSE,0,0,0,0,0,0,0,0,TRUE,0,0,0,0,0
2306.02145,wlscirep,0,0,19.69698644,0.167477369,13.8492465,0.16698885,FALSE,6094,2476,3,3,1412,9,15,6,TRUE,0,0,1,67,-3
2306.00706,article,0,0,11.10105419,0.217218161,3.989090681,0.168271542,FALSE,2,2,0,0,0,0,0,4,TRUE,0,0,0,0,0
2306.00359,revtex4-1,0,0,8.100605488,0.217993021,3.384456635,0.167506933,FALSE,11828,6834,10,9,1894,1,0,4,TRUE,0,0,0,0,0
2306.00135,article,0,0,27.53358221,0.217976093,10.53439689,0.167401314,TRUE,0,0,0,0,0,0,0,0,TRUE,0,0,0,0,0
2306.00055,article,12,12,0.621976852,0.782979965,0.520658016,0.170666933,FALSE,,,,,,,,,,,,,,
2306.00853,article,0,0,38.7874043,0.168256521,34.35972142,0.167455196,FALSE,0,0,0,0,0,0,0,0,TRUE,0,0,0,0,0
2306.0025,revtex4-1,0,0,26.87395597,0.169368505,15.50968575,0.172134638,FALSE,2,2,0,0,0,0,0,4,TRUE,0,0,0,0,0
2306.00475,elsarticle,0,0,8.462467909,0.167004585,4.826794863,0.16648078,TRUE,2,2,0,0,0,0,0,4,TRUE,0,0,0,0,0
2306.00038,article,0,0,27.76164913,0.170980692,18.82884932,0.168219805,FALSE,3,2,0,0,0,-1,0,4,TRUE,0,0,0,0,0
2306.00365,revtex4-2,0,0,26.48674965,0.168597937,21.76281929,0.1706779,TRUE,0,0,0,0,0,0,0,0,TRUE,0,0,0,0,0
2306.00511,amsart,0,0,7.404144764,0.116045952,7.21304369,0.170142889,TRUE,0,0,0,0,0,0,0,0,TRUE,0,0,0,2,0
2306.00922,amsart,0,0,4.538414478,0.116156578,3.333942652,0.169894695,TRUE,0,0,0,0,0,0,0,0,TRUE,0,0,0,0,0
2306.02185,nature,12,12,12.58637357,6.129999638,12.16020775,0.116235733,FALSE,213,168,0,0,10,24,-34,13,TRUE,0,0,3,5,0
2306.00094,elsarticle,0,0,18.76379919,0.167584181,12.83912086,0.171513319,FALSE,44,2,0,0,16,0,0,4,TRUE,0,0,0,0,0
2306.00122,article,0,0,24.52242613,0.216762304,15.53322673,0.169039488,FALSE,4,2,0,0,0,2,0,4,TRUE,0,0,0,0,0
2306.00085,article,0,0,21.56896353,0.216818571,10.78321767,0.17009306,FALSE,0,0,0,0,0,0,0,0,TRUE,0,0,0,0,0
2306.00733,article,0,0,18.11118889,0.115578175,8.066811323,0.175219297,TRUE,0,0,0,0,0,0,0,0,TRUE,0,0,0,0,0
2306.00282,cas-dc,12,0,15.51279473,8.411221981,24.51801586,0.171653032,FALSE,2773,1643,1,2,489,-74,-71,95,FALSE,1,0,0,0,0
2306.00454,article,0,0,10.89251518,0.171033144,7.813735008,0.167746544,TRUE,0,0,0,0,0,0,0,0,TRUE,0,0,0,0,0
2306.0005,article,12,12,7.957028389,9.310960054,5.915039301,0.168782949,FALSE,36885,30101,0,0,262,-35669,-29580,85,TRUE,0,0,11,15,11
2306.03941,article,0,0,9.487919807,0.171928406,7.862961769,0.171447039,TRUE,0,0,0,0,0,0,0,0,TRUE,0,0,0,0,0
2306.00484,amsart,0,0,10.36999345,0.118433714,7.409236908,0.166924477,FALSE,0,0,0,0,0,0,0,0,TRUE,0,0,0,0,0
2306.00029,article,12,12,4.891868591,5.653385878,3.439258814,0.171537161,FALSE,14160,12013,0,0,21,-14063,-11990,79,TRUE,0,0,1,1,3
2306.02148,elsarticle,0,0,16.76899552,0.166225195,9.938557386,0.168450117,FALSE,4,4,0,0,0,0,0,6,TRUE,0,0,0,0,0
2306.00613,article,0,0,18.20078087,0.271129608,10.18593884,0.166075706,FALSE,2,2,0,0,0,0,0,4,TRUE,0,0,0,0,0
2306.02096,elsarticle,12,12,8.027339458,8.469388723,4.237654448,0.217587471,FALSE,5268,4184,1,0,167,-4809,-4069,80,TRUE,0,0,2,2,2
2306.00128,achemso,0,0,21.45941234,0.169154882,12.80663776,0.177600622,FALSE,24,24,0,0,0,0,4,9,TRUE,0,0,0,0,0
2306.00123,revtex4-2,12,12,9.726733446,9.532114267,4.145070791,0.172362328,FALSE,8242,6802,0,0,12,-7951,-6661,80,TRUE,0,0,0,2,3
2306.00084,mnras,0,0,32.63008142,0.222464323,18.39303136,0.166186571,FALSE,522,100,0,0,161,5,0,6,TRUE,0,0,1,9,0
2306.01133,amsart,0,0,6.71155405,0.166077375,3.083967686,0.170163155,TRUE,0,0,0,0,0,0,0,0,TRUE,0,0,0,0,0
2306.00428,amsart,0,0,10.90333486,0.167215109,4.563836813,0.172169924,FALSE,0,0,0,0,0,0,0,0,TRUE,0,0,0,0,0
2306.01933,MRM,0,0,37.46365428,0.166644096,17.76957369,0.168954372,TRUE,54,44,0,0,0,0,0,24,TRUE,0,0,0,0,0
2306.00429,revtex4-1,0,0,13.57921457,0.167354345,8.66490984,0.167732239,TRUE,0,0,0,0,0,0,0,0,TRUE,0,0,0,0,0
2306.08367,acmart,12,12,10.3324976,11.95850348,5.261213541,0.319540739,FALSE,9460,6329,0,5,906,-4847,-4255,79,TRUE,0,0,1,3,0
2306.0811,article,0,0,29.58056164,0.168310404,13.62887955,0.166964293,TRUE,0,0,0,0,0,0,0,0,TRUE,0,0,0,4,0
2306.00466,IEEEtran,12,12,5.315390587,5.805003405,3.536005974,0.168063164,FALSE,6317,5310,0,0,0,-6100,-5200,76,TRUE,0,0,1,1,0
2306.00554,egpubl,12,12,12.24889445,11.12520385,7.127276182,0.170761108,FALSE,5430,1902,4,10,1403,-538,-400,54,TRUE,0,0,6,6,0
2306.00782,revtex4-2,0,0,30.22659492,0.170951366,28.18138433,0.167489767,TRUE,2,2,0,0,0,0,0,4,TRUE,0,0,0,0,0
2306.13226,memoir,0,0,7.755662203,0.116116047,6.070048809,0.166471243,FALSE,2,2,0,0,0,0,0,4,TRUE,0,0,0,0,0
2306.00149,IEEEtran,0,0,12.28105998,0.1662817,6.50727129,0.166954279,TRUE,0,0,0,0,0,0,0,0,TRUE,0,0,0,0,0
2306.04327,llncs,0,0,11.34380436,0.115884304,9.335971594,0.168138027,TRUE,0,0,0,0,0,0,0,0,TRUE,0,0,0,0,0
2306.02281,revtex4-2,0,0,9.211698294,0.168450356,8.11350441,0.169002771,TRUE,0,0,0,0,0,0,0,0,TRUE,0,0,0,0,0
2306.00285,article,0,0,5.516996145,0.170674562,3.554663897,0.170474291,FALSE,0,0,0,0,0,0,0,0,TRUE,0,0,0,0,0
2306.00022,mnras,0,0,9.333195925,0.116226912,5.951428652,0.169177055,FALSE,20,0,0,0,0,-20,0,0,TRUE,0,0,0,2,0
2306.00078,revtex4-1,0,0,8.762910366,0.166797161,6.004477978,0.166977167,FALSE,5638,2607,4,4,1216,0,0,6,TRUE,0,0,1,1,0
2306.00743,article,0,0,8.210035801,0.166414738,5.298751593,0.167875767,TRUE,0,0,0,0,0,0,0,0,TRUE,0,0,0,0,0
2306.01028,llncs,0,0,7.555278063,0.115701914,5.046645403,0.168385506,FALSE,11,10,0,0,0,-11,-10,7,TRUE,0,0,0,0,0
2306.00313,amsart,0,0,17.38719726,0.166425467,11.80837059,0.166739941,FALSE,0,0,0,0,0,0,0,0,TRUE,0,0,0,0,0
2306.02681,revtex4-2,12,12,10.87140083,10.98822618,13.60436821,0.169213295,FALSE,16700,9833,1,1,2012,-10297,-8845,79,TRUE,0,0,1,1,1
2306.00479,acmart,0,12,18.83013201,0.117082119,7.841073751,0.172658205,FALSE,9915,5170,13,8,2010,-49,-79,14,TRUE,0,0,0,0,0
2306.00036,article,0,0,26.36495137,0.173890829,22.66488385,0.174510717,FALSE,0,0,0,0,0,0,0,0,TRUE,0,0,0,0,0
2306.0011,article,0,0,20.54173017,0.171042681,14.93135524,0.168443918,FALSE,0,0,0,0,0,0,0,0,TRUE,0,0,0,4,0
2306.00762,uai2023,0,0,29.50378609,0.169793844,23.27283216,0.167185545,FALSE,1500,386,0,2,437,-1,0,0,TRUE,0,0,0,0,0
2306.00641,atlasdoc,0,0,68.8811028,0.173835754,69.27402329,0.166198969,FALSE,248,2,0,0,0,8,0,4,TRUE,0,0,2,10,0
2306.0071,amsart,0,0,15.93565035,0.219390154,8.52342248,0.168130159,FALSE,5,5,0,0,0,0,0,7,TRUE,0,0,0,0,0
2306.06698,article,12,12,7.540645599,10.35219598,2.781257868,0.168302536,FALSE,3413,2854,0,0,17,-3014,-2660,68,TRUE,0,0,1,1,1
2306.00113,amsart,0,0,26.53493357,0.642185688,7.788663864,0.169657707,TRUE,0,0,0,0,0,0,0,0,TRUE,0,0,0,0,0
2306.00263,pasj01,0,0,27.32300854,0.220713377,7.74525857,0.169148684,TRUE,0,0,0,0,0,0,0,0,TRUE,0,0,0,0,0
2306.00531,amsart,0,0,13.17010546,0.16814208,5.350568056,0.17591691,FALSE,1,0,0,0,0,1,0,0,TRUE,0,0,0,0,0
2306.00574,article,12,12,8.68937254,9.269560337,4.594538689,0.168317795,FALSE,4629,3870,0,0,32,-4128,-3660,73,TRUE,0,0,2,2,3
2306.01073,article,0,0,10.75256729,0.168370247,4.945122719,0.169158697,TRUE,0,0,0,0,0,0,0,0,TRUE,0,0,0,0,0
2306.00615,article,0,0,12.87740374,0.169676542,6.673039436,0.115899563,FALSE,2,2,0,0,0,0,0,4,TRUE,0,0,0,0,0
2306.00146,revtex4-2,0,0,132.6435735,0.166586161,106.1237996,0.175736189,TRUE,0,0,0,0,0,0,0,0,TRUE,0,0,0,0,0
2306.00236,article,12,12,11.56669712,9.11859107,4.741519213,0.175945759,FALSE,11461,9726,0,0,7,-11329,-9618,76,TRUE,0,0,1,3,4
2306.00093,article,0,0,12.26601529,0.168620825,6.00326848,0.168459892,FALSE,18,18,0,0,0,0,0,4,TRUE,0,0,0,0,0
2306.00033,article,0,0,3.538011312,0.116110086,2.446759462,0.116728783,TRUE,0,0,0,0,0,0,0,0,TRUE,0,0,0,0,0
2306.00367,article,0,0,29.63790083,0.168474197,15.31343627,0.167779446,FALSE,1447,356,2,4,411,-44,-39,22,TRUE,0,0,0,0,1
2306.08486,GonnellaLab-StyleArXiv,0,0,44.60905075,0.167826414,25.45098066,0.168083906,FALSE,4,2,0,0,0,-2,0,4,TRUE,0,0,0,2,0
2306.01378,comsoc2023,0,0,21.9837625,0.168200254,11.39480186,0.169126987,FALSE,67,27,0,0,15,0,0,0,TRUE,0,0,0,0,0
2306.00218,revtex4-1,0,0,11.43385696,0.115588188,4.295172453,0.167651892,TRUE,0,0,0,0,0,0,0,0,TRUE,0,0,0,0,0
2306.05241,article,12,0,1.273183584,1.326081753,15.07591009,0.170169353,FALSE,45155,37238,0,2,0,44988,37059,141,FALSE,64,0,81,107,-7
2306.1063,achemso,0,0,11.04974174,0.117362738,9.476494074,0.116206646,TRUE,0,0,0,0,0,0,0,0,TRUE,0,0,0,0,0
2306.00005,article,0,0,27.34566808,0.170819283,19.62055612,0.172098637,FALSE,0,0,0,0,0,0,0,0,TRUE,0,0,0,0,0
2306.00006,article,0,0,16.75504494,0.118457556,11.08745646,0.172422171,FALSE,0,0,0,0,0,0,0,0,TRUE,0,0,0,0,0
2306.00822,article,0,0,4.488930464,0.115757942,3.288771391,0.169926643,TRUE,0,0,0,0,0,0,0,0,TRUE,0,0,0,0,0
2306.00237,revtex4-2,12,12,4.202665091,3.935106993,3.604341507,0.166338444,FALSE,15112,11183,0,0,577,-13394,-11076,82,TRUE,0,0,1,1,3
2306.12602,article,0,0,21.22836781,0.115703344,13.49933147,0.173699141,FALSE,2,2,0,0,0,0,0,4,TRUE,0,0,0,0,0
2306.01388,acmart,0,0,20.84310627,0.115899324,15.33611894,0.170991421,FALSE,0,0,0,0,0,0,0,0,TRUE,0,0,0,0,0
2306.00104,llncs,0,0,7.456709623,0.115753651,5.350254059,0.173852444,TRUE,0,0,0,0,0,0,0,0,TRUE,0,0,0,0,0
2306.00226,article,0,0,10.73968649,0.116757154,7.17639637,0.168896914,TRUE,0,0,0,0,0,0,0,0,TRUE,0,0,0,0,0
2306.00277,elsarticle,0,0,7.206103086,0.11933589,6.503446817,0.116722822,FALSE,2,2,0,0,0,0,0,4,TRUE,0,0,0,0,0
2306.01713,revtex4-2,0,0,13.65246534,0.171652079,9.953361273,0.172213554,TRUE,0,0,0,0,0,0,0,0,TRUE,0,0,0,0,0
2306.00257,amsart,0,0,5.864304066,0.118500471,3.838422298,0.177855492,FALSE,2,2,0,0,0,0,0,4,TRUE,0,0,0,0,0
2306.0023,elsarticle,0,0,35.39590478,0.168482065,33.82609797,0.16629982,FALSE,132,2,0,0,48,-8,0,4,TRUE,0,0,0,0,0
2306.00441,amsart,0,0,8.769164085,0.115628481,5.897090197,0.165971041,TRUE,0,0,0,0,0,0,0,0,TRUE,0,0,0,0,0
2306.00187,IEEEtran,0,0,13.95413613,0.171313524,11.18434215,0.174241066,TRUE,0,0,0,0,0,0,0,0,TRUE,0,0,0,0,0
2306.00382,article,0,0,17.36667371,0.115777969,13.15792227,0.167142391,FALSE,0,0,0,0,0,0,0,0,TRUE,0,0,0,0,0
2306.00675,IEEEtran,0,0,9.923525333,0.166708708,5.350659132,0.167738438,TRUE,0,0,0,0,0,0,0,0,TRUE,0,0,0,0,0
2306.13848,mdpi,0,0,16.27194452,0.167225599,10.53303218,0.169489145,FALSE,0,0,0,0,0,0,0,0,TRUE,0,0,0,0,0
2306.00573,elsarticle,0,0,14.15898347,0.167018414,11.0063417,0.168439865,FALSE,3,2,0,0,0,-1,0,4,TRUE,0,0,0,0,0
2306.00358,article,0,0,22.44792008,0.115430355,14.30307913,0.169983387,TRUE,0,0,0,0,0,0,0,0,TRUE,0,0,0,0,0
2306.00082,amsart,0,0,10.28537011,0.116340876,7.869571686,0.168890476,FALSE,0,0,0,0,0,0,0,0,TRUE,0,0,0,0,0
2306.00461,article,12,12,3.685729265,3.794420958,2.898883343,3.137919426,TRUE,0,0,0,0,0,0,0,0,TRUE,0,0,0,0,0
2306.03442,article,0,0,20.01851368,0.11638093,15.90919995,0.167654037,FALSE,2,2,0,0,0,0,0,4,TRUE,0,0,0,0,0
2306.07888,acmart,0,12,60.48673892,0.165752411,11.0389123,0.166529417,FALSE,874,330,0,0,195,-79,-149,35,TRUE,0,0,0,0,0
2306.01358,article,0,0,12.33208585,0.115867615,9.067894697,0.166586876,FALSE,0,0,0,0,0,0,0,0,TRUE,0,0,0,0,0
2306.00712,article,0,0,4.34145236,0.115847349,4.191508532,0.168762445,FALSE,2,2,0,0,0,0,0,4,TRUE,0,0,0,0,0
2306.0035,article,0,0,12.14258385,0.116480112,8.313037872,0.167516708,FALSE,0,0,0,0,0,0,0,0,TRUE,0,0,0,0,0
2306.16386,revtex4-1,0,0,9.718188524,0.115438938,5.161122561,0.115505219,TRUE,0,0,0,0,0,0,0,0,TRUE,0,0,0,0,0
2306.00275,IEEEtran,12,0,2.729051828,3.031212091,6.610359192,0.168511152,FALSE,,,,,,,,,,,,,,
2306.00746,article,0,0,3.182910919,0.115561962,2.886364937,0.175673246,TRUE,0,0,0,0,0,0,0,0,TRUE,0,0,0,0,0
2306.17541,article,0,0,6.752411842,0.119807243,5.551452875,0.171390533,FALSE,2,2,0,0,0,0,0,4,TRUE,0,0,0,0,0
2306.02773,scrartcl,0,0,11.39196157,0.168280363,7.811748266,0.172158718,FALSE,0,0,0,0,0,0,0,0,TRUE,0,0,0,0,0
2306.00516,sn-jnl,0,0,14.89273548,0.116102219,10.49200678,0.169066906,TRUE,0,0,0,0,0,0,0,0,TRUE,0,0,0,0,0
2306.00387,amsart,0,0,4.8899405,0.115760565,3.637443304,0.166837215,TRUE,0,0,0,0,0,0,0,0,TRUE,0,0,0,0,0
2306.02984,article,0,0,19.21470284,0.168060303,13.29846859,0.168793678,FALSE,1,0,0,0,0,1,0,0,TRUE,0,0,0,0,0
2306.00653,amsart,0,0,8.860271692,0.166461706,6.755520105,0.165950775,FALSE,2,2,0,0,0,0,0,4,TRUE,0,0,0,0,0
2306.17583,IEEEtran,0,0,7.172090292,0.116391897,6.018273592,0.167967319,TRUE,0,0,0,0,0,0,0,0,TRUE,0,0,0,0,0
2306.03237,revtex4-2,0,0,5.953324318,0.115874767,4.952335596,0.170889854,FALSE,2,2,0,0,0,0,0,4,TRUE,0,0,0,0,0
2306.00142,elsarticle,0,0,19.36837983,0.131494761,12.89126015,0.170237303,FALSE,0,0,0,0,0,0,0,0,TRUE,0,0,0,4,0
2306.00417,revtex4-2,0,0,8.26140523,0.11570859,5.952326059,0.136187077,FALSE,2,2,0,0,0,0,0,4,TRUE,0,0,0,0,0
2306.00329,article,0,0,1.976480484,0.116765261,2.130867481,0.168002129,FALSE,15,0,0,0,0,-11,0,0,TRUE,0,0,0,0,0
2306.00425,article,0,0,17.26384258,0.173382282,7.758685112,0.166486979,FALSE,8,0,0,0,2,0,0,0,TRUE,0,0,0,0,0
2306.00063,amsart}%article,0,0,19.85239744,0.174150705,16.98728704,0.167458296,FALSE,941,406,0,0,172,-4,0,0,TRUE,0,0,0,0,0
2306.00047,llncs,0,0,15.46189713,0.118844748,10.03837347,0.166617155,TRUE,0,0,0,0,0,0,0,0,TRUE,0,0,0,0,0
2306.00207,amsart,0,0,18.76878881,0.17176342,13.2941401,0.166507244,FALSE,2,2,0,0,0,0,0,4,TRUE,0,0,0,0,0
2306.00248,acmart,0,12,31.74505472,0.169211864,5.95198369,6.11835289,FALSE,13445,5396,9,8,3347,-96,-141,12,TRUE,0,0,0,4,0
2306.00032,article,0,0,7.725281715,0.116468191,5.143481016,0.166325569,FALSE,11,10,0,0,0,-11,-10,7,TRUE,0,0,0,0,0
2306.00052,article,0,0,17.73275375,0.170332909,12.48631978,0.169939518,FALSE,5,0,0,0,0,5,0,0,TRUE,0,0,0,0,0
2306.00013,article,0,0,20.84876156,0.115905762,15.88471293,0.167071819,FALSE,22,22,0,0,0,0,0,4,TRUE,0,0,0,0,0
2306.00213,article,0,0,14.10563469,0.117992163,13.95282936,0.116609335,TRUE,0,0,0,0,0,0,0,0,TRUE,0,0,0,0,0
2306.11627,svjour3,0,0,7.217674971,0.116905689,5.052158833,0.169953346,TRUE,0,0,0,0,0,0,0,0,TRUE,0,0,0,0,0
2306.09084,article,0,0,6.910087585,0.167056322,3.906578779,0.17009449,FALSE,2,2,0,0,0,0,0,4,TRUE,0,0,0,0,0
2306.01632,article,0,0,2.679429531,0.115272045,2.584676266,0.170447826,FALSE,2,2,0,0,0,0,0,4,TRUE,0,0,0,0,0
2306.00327,amsart,0,0,4.83973217,0.117281675,4.341612339,0.115736008,TRUE,0,0,0,0,0,0,0,0,TRUE,0,0,0,0,0
2306.00139,revtex4-1,0,0,23.15732622,0.117489815,20.43820548,0.16828227,TRUE,0,0,0,0,0,0,0,0,TRUE,0,0,0,0,0
2306.00337,revtex4-2,0,0,17.95510983,0.168315887,15.72644711,0.228535891,FALSE,0,0,0,0,0,0,0,0,TRUE,0,0,0,0,0
2306.0026,amsart,0,0,8.168465376,0.116584063,6.003232241,0.167751789,TRUE,0,0,0,0,0,0,0,0,TRUE,0,0,0,0,0
2306.00415,ieeecolor,0,0,8.410037279,0.115641594,7.872831583,0.169967175,FALSE,7,2,0,0,0,1,0,4,TRUE,0,0,0,0,0
2306.13656,aastex631,0,0,10.42593503,0.117057562,7.885558844,0.169512272,FALSE,2,2,0,0,0,0,0,4,TRUE,0,0,0,0,0
2306.03416,cas-sc,0,0,17.67906547,0.170973539,13.55545998,0.167895794,FALSE,2255,1155,3,4,457,0,0,88,TRUE,0,0,0,0,0
2306.00264,sagej,0,0,25.06223154,0.174173117,21.3156774,0.222815037,TRUE,0,0,0,0,0,0,0,0,TRUE,0,0,0,0,0
2306.00563,IEEEtran,0,0,12.73617435,0.171165943,8.468216658,0.16711688,TRUE,0,0,0,0,0,0,0,0,TRUE,0,0,0,0,0
2306.06728,article,12,12,10.58525038,12.09578848,12.25085115,0.168220758,FALSE,582,369,0,0,10,248,-13,12,TRUE,0,0,0,0,0
2306.02188,amsart,0,0,11.68001842,0.167172909,8.472414494,0.168598652,FALSE,0,0,0,0,0,0,0,0,TRUE,0,0,0,0,0
2306.00057,revtex4-1,0,0,13.70106912,0.167529583,10.69198322,0.168613434,TRUE,0,0,0,0,0,0,0,0,TRUE,0,0,0,0,0
2306.01017,revtex4-2,0,0,3.033141136,0.115939856,2.887794256,0.172635317,FALSE,1,0,0,0,0,-1,0,0,TRUE,0,0,0,0,0
2306.0075,article,0,0,28.09535217,0.11732316,24.33825779,0.171877384,FALSE,0,0,0,0,0,0,0,0,TRUE,0,0,0,0,0
2306.01793,article,0,0,14.81273508,0.117490768,14.79754663,0.16855979,FALSE,2,2,0,0,0,0,0,4,TRUE,0,0,0,0,0
2306.00274,article,0,0,33.32342386,0.170358419,31.7264452,0.168707848,FALSE,2,2,0,0,0,0,0,4,TRUE,0,0,0,0,0
2306.00179,macro/neu_msthesis,12,0,22.4497056,0.269349575,99.70563293,0.170177698,FALSE,31367,19006,5,3,3613,22582,18206,85,TRUE,0,0,0,2,-10
2306.00599,amsart,0,0,16.67414618,0.174991608,7.867580175,0.166864395,FALSE,13,12,0,0,0,-11,-10,11,TRUE,0,0,0,0,0
2306.00506,revtex4-2,0,0,16.36106944,0.172882557,8.546221018,0.170525074,FALSE,505,3,0,0,195,-8,0,6,TRUE,0,0,0,0,0
2306.00345,revtex4-2,0,0,7.772935629,0.172006369,5.413752794,0.169900417,FALSE,2,2,0,0,0,0,0,4,TRUE,0,0,0,0,0
2306.01797,llncs,0,0,6.106626749,5.85635066,11.29893303,0.169592857,FALSE,1807,1547,0,0,0,1797,1537,68,TRUE,0,0,0,0,0
2306.00041,IEEEtran,0,0,4.439928055,0.116152048,3.738477468,0.115980387,TRUE,0,0,0,0,0,0,0,0,TRUE,0,0,0,0,0
2306.14506,article,0,0,6.299277306,0.115927458,4.555818081,0.167183638,FALSE,2,2,0,0,0,0,0,4,TRUE,0,0,0,2,0
2306.01085,elsarticle,0,0,121.6311331,0.16779685,107.7359929,0.168206215,TRUE,2,2,0,0,0,0,0,4,TRUE,0,0,0,0,0
2306.00101,article,0,0,2.632735252,0.11615324,2.938184738,0.174257994,TRUE,0,0,0,0,0,0,0,0,TRUE,0,0,0,0,0
2306.00244,IEEEtran,0,0,10.72304153,0.169909239,7.111745834,0.169612169,FALSE,0,0,0,0,0,0,0,0,TRUE,0,0,0,0,0
2306.01569,article,0,0,16.34102583,0.173614502,12.56041551,0.169662952,FALSE,6243,2170,4,2,1631,0,-1,1,TRUE,0,0,0,2,1
2306.01353,elsarticle,0,0,13.24456477,0.17127943,8.676995277,0.171887875,TRUE,0,0,0,0,0,0,0,0,TRUE,0,0,0,0,0
2306.02169,agujournal2019,0,0,19.33119226,0.166642189,14.49608016,0.173707008,TRUE,0,0,0,0,0,0,0,0,TRUE,0,0,0,0,0
2306.00533,amsart,0,0,7.513241053,0.116827488,4.143155336,0.166998625,TRUE,0,0,0,0,0,0,0,0,TRUE,0,0,0,0,0
2306.01863,nature,0,0,18.56897926,0.168203115,11.63680983,0.16907239,TRUE,0,0,0,0,0,0,0,0,TRUE,0,0,0,0,0
2306.00562,amsart,0,0,7.519638777,0.175436974,4.544437885,0.168224573,FALSE,0,0,0,0,0,0,0,0,TRUE,0,0,0,0,0
2306.01092,IEEEtran,0,0,138.3357227,0.391974211,75.9344871,0.169667006,FALSE,242,0,0,0,101,0,0,0,TRUE,0,0,0,0,0
2306.0001,article,0,0,26.10861969,0.224425554,12.5625701,0.170768738,TRUE,0,0,0,0,0,0,0,0,TRUE,0,0,0,0,0
2306.00072,revtex4-2,0,0,18.20938349,0.167764902,8.288220167,0.169312477,TRUE,0,0,0,0,0,0,0,0,TRUE,0,0,0,0,0
2306.00215,amsart,12,0,7.717554331,7.15998292,6.96178484,0.167078257,TRUE,0,0,0,0,0,0,0,0,TRUE,0,0,0,0,0
2306.0012,vgtc,0,0,42.24880648,0.1668396,12.94625711,0.170236588,FALSE,17833,8317,12,13,3953,0,0,0,TRUE,0,0,0,0,0
2306.00453,article,0,0,46.4042716,0.272123337,22.44970775,0.167018414,FALSE,2,2,0,0,0,0,0,4,TRUE,0,0,0,0,0
2306.00091,article,0,0,24.78589964,0.17575264,15.63115835,0.172340631,FALSE,0,0,0,0,0,0,0,0,TRUE,0,0,0,0,0
2306.00886,lipics-v2021,0,0,21.65778732,0.16867137,13.44829869,0.217671633,FALSE,0,0,0,0,0,0,0,0,TRUE,0,0,0,0,0
2306.00718,elsarticle,0,0,18.03482699,0.116361141,13.35636234,0.170690298,TRUE,0,0,0,0,0,0,0,0,TRUE,0,0,0,0,0
2306.01127,amsart,0,0,21.89896154,0.174119473,15.58313584,0.171650171,FALSE,425,0,0,0,176,-1,0,0,TRUE,0,0,0,0,0
2306.00431,lipics-v2021,0,0,25.22593951,0.173292637,16.73205185,0.172353745,FALSE,145,145,0,0,0,145,145,2,TRUE,0,0,0,0,0
2306.00003,jmlr,12,12,8.267871618,8.087674856,2.744093895,0.173632622,FALSE,,,,,,,,,,,,,,
2306.09408,revtex4-1,0,0,8.523762703,0.118460655,6.572024584,0.171002626,FALSE,2,2,0,0,0,0,0,4,TRUE,0,0,0,2,0
2306.00096,article,0,0,20.74969792,0.117979527,15.41371179,0.174091339,FALSE,58,45,0,0,5,0,0,0,TRUE,0,0,0,0,0
2306.08421,article,0,0,12.24988365,0.118525028,8.032112837,0.168211222,FALSE,11,10,0,0,0,-11,-10,7,TRUE,0,0,0,0,0
2306.00001,IEEEtran,0,0,14.06330967,0.116335392,10.69885325,0.270633936,TRUE,0,0,0,0,0,0,0,0,TRUE,0,0,0,0,0
2306.01967,article,0,0,20.7853663,0.116289377,15.88565469,0.168459177,FALSE,8,0,0,0,2,0,0,0,TRUE,0,0,0,2,0
2306.00184,siamltex,0,0,51.43882155,0.116622448,77.01654315,0.16896081,TRUE,0,0,0,0,0,0,0,0,TRUE,0,0,0,0,0
2306.03696,revtex4-2,0,12,12.41698956,11.80950093,10.75619817,0.168587685,FALSE,17655,7086,14,13,4354,242,-99,25,TRUE,0,0,0,2,0
2306.16589,acmart,0,12,23.91465378,0.174855947,5.254240036,5.351591825,FALSE,94,78,0,0,0,-32,-50,12,TRUE,0,0,0,0,0
2306.03399,wlscirep,0,0,10.47404242,0.169242144,6.95484972,0.168608427,FALSE,2,0,0,0,0,0,0,0,TRUE,0,0,0,0,0
2306.00903,amsart,0,0,15.95680094,0.17363143,11.33575368,0.172062397,FALSE,0,0,0,0,0,0,0,0,TRUE,0,0,0,0,0
2306.01508,amsart,0,0,11.90245891,0.176559448,10.4787271,0.173836231,FALSE,2642,3,0,0,1092,-3,0,4,TRUE,0,0,0,0,0
2306.02156,IEEEtran,0,0,18.65843844,0.166635513,12.90580177,0.169891357,FALSE,35,35,0,0,0,0,0,4,TRUE,0,0,0,4,0
2306.00062,revtex4-1,0,0,6.198873997,0.116220951,6.421280384,0.166750193,FALSE,99,43,0,0,13,0,0,4,TRUE,0,0,0,0,0
2306.00165,jfm,0,0,13.18637562,0.117123604,9.169979334,0.173478603,FALSE,460,199,0,0,72,-1,0,0,TRUE,0,0,1,7,0
2306.01791,sn-jnl,0,0,10.99566102,0.1156106,7.722246647,0.177479506,FALSE,1511,610,0,3,374,0,0,0,TRUE,0,0,0,0,0
2306.01691,acmart,12,0,8.766866922,9.379189253,26.43704152,0.170454025,FALSE,12409,3281,6,10,3814,88,88,15,TRUE,0,0,1,1,0
2306.00557,article,0,0,13.56845975,0.116655827,11.38118267,0.16652751,TRUE,0,0,0,0,0,0,0,0,TRUE,0,0,0,0,0
2306.07013,ecai,0,0,23.33582401,0.119438648,20.79363608,0.174986601,FALSE,0,0,0,0,0,0,0,0,TRUE,0,0,0,0,0
2306.0396,article,0,0,16.93200231,0.17322135,12.14424133,0.169515848,FALSE,2,2,0,0,0,0,0,4,TRUE,0,0,0,0,0
2306.01803,revtex4-1,0,0,27.91818261,0.167235851,21.51067495,0.172030926,FALSE,2,2,0,0,0,0,0,4,TRUE,0,0,0,2,0
2306.10905,revtex4,0,0,14.16195393,0.268167257,5.852023363,0.171391964,TRUE,0,0,0,0,0,0,0,0,TRUE,0,0,0,0,0
2306.00131,mnras,0,0,27.47552824,0.166933537,12.00378799,0.169763088,FALSE,157,3,0,0,37,0,0,3,TRUE,0,0,0,0,0
2306.00155,amsart,0,0,18.77338195,0.167728186,8.216443539,0.168508768,FALSE,0,0,0,0,0,0,0,0,TRUE,0,0,0,0,0
2306.00161,cup-journal,12,0,10.53961444,13.62193155,21.72702217,0.170097589,FALSE,33,8,0,0,6,3,8,1,TRUE,0,0,2,2,0
2306.00205,elsarticle,0,0,18.60963154,0.221650839,9.930728197,0.168189287,FALSE,2,2,0,0,0,0,0,4,TRUE,0,0,0,0,0
2306.00581,article,0,0,17.85921788,0.167586565,8.778866053,0.172124386,FALSE,0,0,0,0,0,0,0,0,TRUE,0,0,0,0,0
2306.00691,revtex4-2,0,0,37.58630824,0.219962835,21.56766367,0.168049574,FALSE,2,2,0,0,0,0,0,4,TRUE,0,0,0,0,0
2306.00456,CUP-JNL-JMJ,0,0,12.21267509,0.166909933,4.745924473,0.173988342,TRUE,0,0,0,0,0,0,0,0,TRUE,0,0,0,0,0
2306.03275,revtex4-2,0,0,9.579095602,0.217920303,5.608537436,0.167247295,FALSE,2,2,0,0,0,0,0,4,TRUE,0,0,0,0,0
2306.00133,article,0,0,13.0727489,0.167945623,5.910948753,0.174986839,TRUE,0,0,0,0,0,0,0,0,TRUE,0,0,0,0,0
2306.00126,article,0,0,36.51578569,0.167009592,25.57491517,0.175770044,FALSE,524,1,0,0,142,-1,0,2,TRUE,0,0,0,0,0
2306.00927,article,0,0,128.9344735,0.168019056,94.33672142,0.170166731,FALSE,23,0,0,0,9,-1,0,0,FALSE,2,0,0,0,0
2306.00621,article,0,0,32.33414149,0.167369843,17.73478794,0.168523312,TRUE,0,0,0,0,0,0,0,0,TRUE,0,0,0,4,0
2306.00181,article,0,0,34.34050155,0.167680264,18.79941368,0.1682899,FALSE,415,31,0,0,162,0,0,0,TRUE,0,0,0,0,0
2306.03395,acmart,12,12,10.70753098,11.14824629,6.260314703,0.219470739,FALSE,38709,32497,0,0,15,-38114,-32226,89,TRUE,0,0,0,4,8
2306.03888,amsart,0,0,19.44612885,0.168303967,12.8821013,0.178264856,TRUE,0,0,0,0,0,0,0,0,TRUE,0,0,0,0,0
2306.00224,revtex4-2,0,0,10.72878838,0.168368101,4.850212097,0.116931438,FALSE,17,12,0,0,0,3,0,6,TRUE,0,0,2,2,0
2306.00034,book,0,0,59.45408583,0.167919159,28.25779867,0.17067194,FALSE,0,0,0,0,0,0,0,0,TRUE,0,0,0,4,0
2306.00193,revtex4-1,0,0,14.49628353,0.116172552,9.579321384,0.171806812,TRUE,0,0,0,0,0,0,0,0,TRUE,0,0,0,0,0
2306.00844,IEEEtran,0,0,10.44061208,0.116374969,8.221717119,0.168893337,TRUE,0,0,0,0,0,0,0,0,TRUE,0,0,0,0,0
2306.00403,cas-dc,0,0,37.41831398,0.171782255,28.233778,0.170781612,TRUE,633,633,0,0,0,0,0,94,TRUE,0,0,0,0,0
2306.04209,revtex4-1,12,12,5.648474216,7.184293032,3.689375877,0.172503948,FALSE,30888,19718,6,7,3514,-15611,-13293,88,TRUE,0,0,3,3,2
2306.01284,article,0,0,27.78017592,0.115897179,20.04159117,0.168800354,FALSE,147,1,0,0,59,0,0,2,TRUE,0,0,0,0,0
2306.01372,amsart,0,0,14.97218466,0.172167778,12.31692195,0.174347162,FALSE,1,0,0,0,0,1,0,0,TRUE,0,0,0,0,0
2306.00286,IEEEtran,0,0,60.72665954,0.166256905,30.37320209,0.17019248,FALSE,6269,1544,3,5,1963,1,0,0,TRUE,0,0,0,0,0
2306.01179,svproc,0,0,15.10212588,0.116233826,11.24148679,0.21866107,FALSE,24,22,0,0,1,0,0,0,TRUE,0,0,0,0,0
2306.00373,amsart,0,0,12.29809713,0.16679883,8.292965651,0.169042826,FALSE,7,7,0,0,0,0,0,2,TRUE,0,0,0,0,0
2306.01402,revtex4-2,0,0,15.76326251,0.170654774,12.06566429,0.17493248,FALSE,2,2,0,0,0,0,0,4,TRUE,0,0,0,0,0
2306.00178,article,0,0,26.83753967,0.17092371,19.9889071,0.17708087,FALSE,18,16,0,0,1,0,0,4,TRUE,0,0,0,0,0
2306.02136,article,0,0,11.39478111,0.117279768,9.502531767,0.169332504,FALSE,0,0,0,0,0,0,0,0,TRUE,0,0,0,0,0
2306.00053,SciPost,0,0,20.58005333,0.321592331,13.45559454,0.16631031,FALSE,3,2,0,0,0,1,0,4,TRUE,0,0,0,0,0
2306.09186,article,0,0,26.57369471,0.166908979,13.86764646,0.17081213,FALSE,1,0,0,0,0,-1,0,0,TRUE,0,0,0,0,0
2306.00048,revtex4-2,0,0,15.38004088,0.16819644,10.4411552,0.168148041,FALSE,0,0,0,0,0,0,0,0,TRUE,0,0,0,0,0
2306.15291,article,0,0,7.672167063,0.118999481,6.056409836,0.168877602,TRUE,0,0,0,0,0,0,0,0,TRUE,0,0,0,0,0
2306.00054,revtex4-2,0,0,10.02072358,0.167642355,8.030974388,0.170748472,FALSE,2,2,0,0,0,0,0,4,TRUE,0,0,0,4,0
2306.0088,,12,12,0.520293713,0.521765471,0.621886969,0.170815229,FALSE,,,,,,,,,,,,,,
2306.10503,IEEEtran,12,12,3.850824356,3.834532022,3.001179695,0.168584585,FALSE,20948,14995,5,5,1458,-15811,-13343,83,TRUE,0,0,2,2,1
2306.00076,mnras,0,0,19.06807756,0.115912437,13.09683299,0.167817116,FALSE,32,2,0,0,6,14,0,4,TRUE,0,0,0,0,0
2306.00043,sn-jnl,0,0,15.47095847,0.173835754,11.23178101,0.168307543,TRUE,0,0,0,0,0,0,0,0,TRUE,0,0,0,0,0
2306.00163,aa,0,12,11.8849175,23.31443405,9.999503374,0.176757813,FALSE,129,117,0,0,0,35,26,12,TRUE,0,0,2,2,0
2306.02303,article,0,0,29.34864402,0.166944504,20.35125661,0.168335438,FALSE,7126,3238,7,6,1493,1,0,0,TRUE,0,0,0,0,0
2306.00661,amsart,0,0,7.16251874,0.169371367,3.758560658,0.169300318,TRUE,0,0,0,0,0,0,0,0,TRUE,0,0,0,0,0
2306.16346,article,0,0,20.75750852,0.11574626,13.45660281,0.176896095,FALSE,0,0,0,0,0,0,0,0,TRUE,0,0,0,2,0
2306.01799,article,12,12,5.895493984,5.496840477,3.740641594,0.168097019,FALSE,102,99,0,0,0,-70,-79,30,TRUE,0,0,0,0,0
2306.00008,article,0,0,27.64794707,0.168418646,17.28979421,0.173320532,FALSE,0,0,0,0,0,0,0,0,TRUE,0,0,0,0,0
2306.02033,revtex4-2,0,0,17.86069322,0.171070099,13.22399282,0.1673522,FALSE,11539,6810,11,9,2032,0,0,4,TRUE,0,0,0,0,0
2306.01544,article,0,0,20.66281438,0.218773842,14.22817087,0.175215483,FALSE,2,2,0,0,0,0,0,4,TRUE,0,0,0,0,0
2306.00916,amsart,0,0,12.78860211,0.168401241,9.834565163,0.23302722,FALSE,2,2,0,0,0,0,0,4,TRUE,0,0,0,0,0
2306.06151,opticajnl,0,0,17.52188945,0.166808605,11.08874774,0.168012381,FALSE,2,2,0,0,0,0,0,4,TRUE,0,0,0,0,0
2306.00372,IEEEtran,0,0,22.51303077,0.167384148,14.73105383,0.170036316,FALSE,2,0,0,0,0,2,0,0,TRUE,0,0,0,0,0
2306.0575,article,12,0,2.581312656,2.343699694,4.492655754,0.167054653,FALSE,,,,,,,,,,,,,,
2306.0049,iopart,12,12,0.366923571,0.371197224,0.469096899,0.170536041,FALSE,,,,,,,,,,,,,,
2306.0006,mnras,0,0,14.40151858,0.17092061,11.34622812,0.169680119,FALSE,5,5,0,0,0,0,0,4,TRUE,0,0,0,0,0
2306.00279,IEEEtran,12,12,3.890681505,3.58836627,2.98611474,0.143137693,FALSE,7157,5432,0,0,209,-5374,-4793,70,TRUE,0,0,0,2,1
2306.0059,amsart,0,0,7.570950508,0.115706682,4.50442934,0.177493811,TRUE,16,16,0,0,0,8,8,2,TRUE,0,0,0,0,0
2306.00343,IEEEtran,0,0,4.589842081,0.116787672,3.548128843,0.173328638,TRUE,0,0,0,0,0,0,0,0,TRUE,0,0,0,0,0
2306.122,elsarticle,0,0,23.9119246,0.116873503,18.85823894,0.171055794,TRUE,0,0,0,0,0,0,0,0,TRUE,0,0,0,0,0
2306.02062,IEEEtran,0,0,11.38880706,0.115826368,7.526986837,0.172609568,TRUE,0,0,0,0,0,0,0,0,TRUE,0,0,0,0,0
2306.01308,revtex4,0,0,6.81137991,0.116214752,5.906148195,0.174128532,FALSE,2,2,0,0,0,0,0,4,TRUE,0,0,0,0,0
2306.00371,article,12,0,3.535088778,0.219510794,4.251482725,0.170559645,FALSE,392,264,0,0,3,-141,90,12,TRUE,0,0,0,0,0
2306.0174,elsarticle,0,0,21.60311484,0.116072893,14.22668719,0.16743207,FALSE,2,2,0,0,0,0,0,4,TRUE,0,0,0,0,0
2306.01592,article,0,0,5.549725294,0.170091629,4.141538382,0.220953703,TRUE,0,0,0,0,0,0,0,0,TRUE,0,0,0,0,0
2306.00883,revtex4-1,0,0,20.78189707,0.169023991,12.45313382,0.170149803,FALSE,2,2,0,0,0,0,0,4,TRUE,0,0,0,0,0
2306.0019,ceurart,0,0,23.06531215,0.116237402,16.55144525,0.169725895,FALSE,3,2,0,0,0,-1,0,4,TRUE,0,0,0,0,0
2306.00203,INTERSPEECH2023,12,0,4.44108367,0.271130085,8.673376799,0.170197248,FALSE,7011,5717,4,0,206,5430,4759,77,TRUE,0,0,1,1,-1
2306.0192,article,0,0,23.40558219,0.115458965,16.98300743,0.169514179,FALSE,0,0,0,0,0,0,0,0,TRUE,0,0,0,2,0
2306.05701,acmart,12,0,11.0293417,12.75433278,20.24309421,0.169799566,FALSE,11242,3414,7,8,3127,-19,48,14,TRUE,0,0,0,0,0
2306.03987,article,0,0,10.59152222,0.116511106,7.714213371,0.169612885,FALSE,2,2,0,0,0,0,0,4,TRUE,0,0,0,0,0
2306.01838,article,0,0,18.90939236,0.220436811,10.1484561,0.222931147,FALSE,2,2,0,0,0,0,0,4,TRUE,0,0,0,2,0
2306.0443,article,0,0,4.33932662,0.081201077,3.597927332,0.17208457,FALSE,137,114,0,0,9,-1,0,0,TRUE,0,0,0,0,0
2306.00331,INTERSPEECH2023,0,0,13.2409668,0.115813017,7.663438559,0.17430687,FALSE,0,0,0,0,0,0,0,0,TRUE,0,0,0,0,0
2306.10048,acmart,0,12,52.5105927,0.169211388,10.96832514,11.76304793,FALSE,23537,7012,10,12,6724,-2503,-2080,46,TRUE,0,0,1,13,1
2306.02692,article,0,0,31.2920475,0.116024494,26.91454291,0.170062304,FALSE,3,1,0,0,0,-2,0,2,TRUE,0,0,0,12,0
2306.00145,article,0,0,52.85138202,0.172182083,49.36021113,0.169741154,FALSE,2,2,0,0,0,0,0,4,TRUE,0,0,0,4,0
2306.00268,article,0,0,36.31425476,0.169745684,24.83513999,0.169348478,FALSE,2,2,0,0,0,0,0,4,TRUE,0,0,0,0,0
2306.00575,acmart,0,0,14.84627843,0.16784215,11.56074357,0.167522907,FALSE,0,0,0,0,0,0,0,0,TRUE,0,0,0,0,0
2306.00631,amsart,0,0,9.842366695,0.168241262,6.208014965,0.172378778,FALSE,2,2,0,0,0,0,0,4,TRUE,0,0,0,0,0
2306.009,revtex4-1,0,0,14.09642792,0.117146015,8.42045927,0.166970253,FALSE,11,4,0,0,1,3,2,4,TRUE,0,0,0,0,-3
2306.00004,llncs,0,0,20.04269052,0.167535067,14.27999568,0.170005322,FALSE,5,0,0,0,0,3,0,0,TRUE,0,0,0,6,0
2306.00147,IEEEtran,12,12,13.2072978,12.15871692,12.32031155,0.170758963,FALSE,9484,7513,5,7,276,-5186,-4697,73,TRUE,0,0,0,2,0
2306.00167,wiley-article,0,0,25.96118617,0.224025488,14.66978264,0.174660921,FALSE,70,29,0,1,5,-5,-1,3,TRUE,0,0,0,0,0
2306.00056,revtex4-2,12,12,5.980622292,5.066198587,3.185059071,0.172857046,FALSE,5155,4274,0,1,5,-4736,-3805,71,TRUE,0,0,7,7,1
2306.03855,acmart,0,0,26.32072687,0.169873476,16.82038379,0.171228409,FALSE,32,1,0,0,5,6,-1,1,TRUE,0,0,1,7,0
2306.00921,revtex4-2,12,12,12.83610892,5.914400578,9.045054197,0.181150198,FALSE,5165,2595,3,2,1078,-13,-217,13,TRUE,0,0,0,0,0
2306.01629,revtex4,0,0,5.16032958,0.118446589,3.589884996,0.172842264,FALSE,2,2,0,0,0,0,0,4,TRUE,0,0,0,0,0
2306.12056,article,0,0,18.31452417,0.116694689,13.66120887,0.172284365,FALSE,0,0,0,0,0,0,0,0,TRUE,0,0,0,2,0
2306.00767,sn-jnl,0,0,16.72353911,0.116070509,10.59983349,0.17263031,TRUE,0,0,0,0,0,0,0,0,TRUE,0,0,0,0,0
2306.00025,acmart,12,12,12.44320059,12.60667634,9.427129745,0.37409544,FALSE,16539,14112,0,0,2,-16322,-14004,81,TRUE,0,0,0,0,2
2306.00512,revtex4-1,0,0,11.07985568,0.11787343,9.677625656,0.175042629,TRUE,0,0,0,0,0,0,0,0,TRUE,0,0,0,0,0
2306.0013,elsarticle,0,0,9.612569332,0.117270231,6.054336309,0.179400206,TRUE,2,2,0,0,0,0,0,4,TRUE,0,0,0,0,0
2306.00994,revtex4-1,12,12,3.79203248,3.486925602,3.365130424,0.172423124,FALSE,8795,7507,2,2,9,-8240,-7021,78,TRUE,0,0,1,5,1
2306.00442,IEEEtran,0,0,14.3697052,0.167051315,9.075010061,0.169799089,FALSE,0,0,0,0,0,0,0,0,TRUE,0,0,0,0,0
2306.00679,amsart,0,0,11.74288511,0.173235416,7.766568661,0.169421673,FALSE,3,0,0,0,0,-3,0,0,TRUE,0,0,0,0,0
2306.00845,acmart,0,12,17.18829155,0.171191454,5.158478975,0.167425394,FALSE,1973,206,0,0,700,121,-7,17,TRUE,0,0,0,0,0
2306.04271,acmart,0,12,15.3053515,0.166746616,4.850606918,0.167847633,FALSE,2690,1247,1,1,354,63,-80,12,TRUE,0,0,1,11,1
2306.02925,article,0,0,11.96571136,0.116655588,9.79784584,0.116391897,FALSE,0,0,0,0,0,0,0,0,TRUE,0,0,0,0,0
2306.00655,NST,0,0,11.52647042,0.166350842,7.8600595,0.169739485,TRUE,0,0,0,0,0,0,0,0,TRUE,0,0,0,0,0
2306.0034,revtex4-2,12,12,12.26058841,12.55655074,9.903743029,0.169099569,FALSE,47719,23803,14,13,9062,-9564,-8217,77,TRUE,0,0,1,1,2
2306.00039,jpconf,0,0,8.062728643,0.172437906,5.817912102,0.167822123,TRUE,0,0,0,0,0,0,0,0,TRUE,0,0,0,0,0
2306.01663,amsart,0,0,10.13753176,0.167737007,6.308865786,0.168016672,TRUE,0,0,0,0,0,0,0,0,TRUE,0,0,0,0,0
2306.00334,amsart,0,0,9.181748867,0.168329,5.197726011,0.170048714,FALSE,2,2,0,0,0,0,0,4,TRUE,0,0,0,0,0
2306.00397,amsart,0,0,13.19385195,0.116764545,11.44240236,0.169576168,FALSE,0,0,0,0,0,0,0,0,TRUE,0,0,0,0,0
2306.00678,revtex4-2,12,0,6.521302938,7.413100958,8.894073725,0.170296192,FALSE,2,2,0,0,0,0,0,4,TRUE,0,0,0,0,0
2306.01825,amsart,0,0,9.214995861,0.218557835,5.750478268,0.168435574,FALSE,2,2,0,0,0,0,0,4,TRUE,0,0,0,0,0
2306.01063,amsart,0,0,29.97173476,0.380659819,18.61327314,0.165816545,TRUE,6,6,0,0,0,0,0,2,TRUE,0,0,0,0,0
2306.00702,article,0,0,12.3133142,0.166942358,7.362359524,0.167519331,FALSE,0,0,0,0,0,0,0,0,TRUE,0,0,0,0,0
2306.0349,llncs,0,0,21.24281478,0.166860104,16.75402474,0.167606592,TRUE,0,0,0,0,0,0,0,0,TRUE,0,0,0,0,0
2306.07988,elsarticle,0,0,20.92833471,0.11744976,14.07549953,0.174314499,FALSE,2,2,0,0,0,0,0,4,TRUE,0,0,0,0,0
2306.05939,revtex4-2,0,0,12.95589352,0.118501663,10.63260674,0.171448231,TRUE,0,0,0,0,0,0,0,0,TRUE,0,0,0,0,0
2306.01965,revtex4-2,0,0,28.33359146,0.171555281,22.89486313,0.16886425,FALSE,2,2,0,0,0,0,0,4,TRUE,0,0,0,0,0
2306.07731,amsart,0,0,23.36276674,0.116081715,12.3391397,0.168403149,FALSE,142,73,0,0,26,0,0,4,TRUE,0,0,0,4,0
2306.00002,elsarticle,0,0,20.65768147,0.16699934,11.65430164,0.167727232,FALSE,15,2,0,0,3,-1,0,4,TRUE,0,0,0,0,0
2306.00007,article,0,0,13.89223599,0.119124174,9.625085592,0.167872667,FALSE,2,2,0,0,0,0,0,4,TRUE,0,0,0,0,0
2306.00308,article,0,0,24.177845,0.166205406,16.68652439,0.168110847,FALSE,425,110,0,1,100,0,0,0,TRUE,0,0,0,0,0
2306.01192,elsarticle,0,0,21.97622371,0.166327,14.05561876,0.168697834,FALSE,247,61,0,1,76,0,0,4,TRUE,0,0,0,0,0
2306.00981,revtex4-2,0,0,11.04921436,0.16622591,6.411493301,0.170322895,FALSE,2,2,0,0,0,0,0,4,TRUE,0,0,0,0,0
2306.00209,amsart,0,0,11.79804707,0.171770096,8.555960655,0.171073437,FALSE,2,2,0,0,0,0,0,4,TRUE,0,0,0,0,0
2306.00107,article,0,0,15.20580316,0.169475794,10.33183599,0.167041779,FALSE,155,91,0,1,24,0,0,0,TRUE,0,0,0,0,0
2306.01625,amsart,0,0,35.10575366,0.167369366,35.67982912,0.170819521,FALSE,0,0,0,0,0,0,0,0,TRUE,0,0,0,16,0
2306.00089,elsarticle,0,0,41.87855196,0.170803547,35.9678514,0.171846628,TRUE,2,2,0,0,0,0,0,4,TRUE,0,0,0,0,0
2306.00773,agujournal2019,12,12,6.104923248,5.086217403,4.365434408,0.172584772,FALSE,11861,10095,0,0,0,-11766,-10041,75,TRUE,0,0,1,1,3
2306.00388,mnras,0,0,50.48966002,0.167909145,43.92305946,0.166895628,FALSE,10714,4776,8,9,2378,56,45,25,TRUE,0,0,0,8,-1
2306.00073,revtex4-2,0,0,10.50881171,0.169497728,5.656882524,0.167309761,FALSE,2,2,0,0,0,0,0,4,TRUE,0,0,0,0,0
2306.00717,IEEEtran,0,0,17.87930274,0.116268635,12.56251907,0.166727066,TRUE,0,0,0,0,0,0,0,0,TRUE,0,0,0,0,0
2306.00269,article,0,0,4.137908459,0.116047144,2.989668608,0.17680335,FALSE,0,0,0,0,0,0,0,0,TRUE,0,0,0,0,0
2306.00216,amsart,0,0,12.76273298,0.170234203,5.951522827,0.170586109,FALSE,2,2,0,0,0,0,0,4,TRUE,0,0,0,0,0
2306.00296,article,0,0,12.14667106,0.172046185,7.512015343,0.167971373,FALSE,0,0,0,0,0,0,0,0,TRUE,0,0,0,0,0
2306.00681,IEEEtran,0,0,18.42455316,0.173693419,11.26468086,0.169779301,FALSE,134,32,0,0,41,0,0,0,TRUE,0,0,0,0,0
2306.01745,article,0,0,47.34215307,0.117027521,32.22627473,0.169584036,FALSE,41,40,0,0,0,-1,0,4,TRUE,0,0,0,0,0
2306.03822,article,12,0,4.539798737,4.187243223,56.08036351,0.171860933,FALSE,,,,,,,,,,,,,,
2306.13655,article,0,0,9.033372879,0.118489027,4.495101213,0.168372869,TRUE,0,0,0,0,0,0,0,0,TRUE,0,0,0,0,0
2306.05379,mhd,0,0,9.81259346,0.116045952,7.271503448,0.178215742,TRUE,0,0,0,0,0,0,0,0,TRUE,0,0,0,0,0
2306.00031,,12,12,0.77116394,0.522384882,0.875011683,0.179347754,FALSE,,,,,,,,,,,,,,
2306.00474,amsart,0,0,10.52421999,0.115658045,6.76209712,0.172154188,TRUE,0,0,0,0,0,0,0,0,TRUE,0,0,0,0,0
2306.06,article,0,0,12.64586663,0.172122478,8.235098124,0.171242714,TRUE,0,0,0,0,0,0,0,0,TRUE,0,0,0,0,0
2306.00235,article,0,0,18.3785367,0.11882782,12.03787637,0.169726133,TRUE,0,0,0,0,0,0,0,0,TRUE,0,0,0,0,0
2306.00045,article,0,0,57.11158776,0.16911149,50.79102278,0.223881006,FALSE,0,0,0,0,0,0,0,0,TRUE,0,0,0,0,0
2306.00225,amsart,0,0,5.222215891,0.117012501,3.091238976,0.116580248,TRUE,2,2,0,0,0,0,0,4,TRUE,0,0,0,0,0
2306.01842,revtex4-1,12,0,3.431847095,0.217026472,5.148950577,0.17043066,FALSE,3115,1117,0,1,780,166,168,17,TRUE,0,0,0,2,0
2306.03059,revtex4-2,0,0,13.95961428,0.168615103,27.80562449,0.170644045,TRUE,0,0,0,0,0,0,0,0,TRUE,0,0,0,0,0
2306.03763,article,0,0,16.8761313,0.115515232,11.24115372,0.17965579,FALSE,1146,125,0,1,422,0,0,0,TRUE,0,0,0,0,0
2306.00378,acmart,0,12,19.62076139,0.169301748,7.212872028,0.17073369,FALSE,237,181,0,0,7,-22,-80,27,TRUE,0,0,0,2,0
2306.15076,acmart,0,12,32.97192931,0.170204163,4.9131248,4.947828054,FALSE,23442,9389,11,11,5878,-302,-250,12,TRUE,0,0,0,0,0
2306.00051,revtex4-2,0,0,11.70083547,0.169866562,8.873001099,0.167631149,FALSE,2,2,0,0,0,0,0,4,TRUE,0,0,0,0,0
2306.00363,revtex4-2,0,0,23.40001035,0.171096802,16.1450727,0.168655157,FALSE,2,2,0,0,0,0,0,4,TRUE,0,0,0,0,0
2306.00741,amsart,0,0,2.177404642,0.116057158,1.831075907,0.174799681,TRUE,2,2,0,0,0,0,0,4,TRUE,0,0,0,0,0
2306.00471,amsart,0,0,105.7606862,0.221100092,99.41288352,0.176559687,FALSE,12,10,0,0,1,0,0,0,TRUE,0,0,0,0,0
2306.00569,revtex4-2,0,0,8.328130007,0.117644072,4.953037024,0.176292419,FALSE,2,2,0,0,0,0,0,4,TRUE,0,0,0,0,0
2306.00059,iau,0,0,10.88974094,0.11760807,6.907916784,0.166243792,TRUE,0,0,0,0,0,0,0,0,TRUE,0,0,0,0,0
2306.00322,revtex4-1,12,12,2.631742954,2.581967592,2.149629354,0.170277119,FALSE,6399,3079,8,9,1355,134,-71,14,TRUE,0,0,2,2,0
2306.00109,amsart,0,0,6.707071066,0.117003202,5.655936241,0.116124153,TRUE,0,0,0,0,0,0,0,0,TRUE,0,0,0,0,0
2306.00436,revtex4-2,0,0,15.66426539,0.115955353,15.35704041,0.169050932,TRUE,0,0,0,0,0,0,0,0,TRUE,0,0,0,0,0
2306.05803,article,0,0,16.66269064,0.116314888,12.3403933,0.169047832,FALSE,2186,536,1,3,718,1,0,0,TRUE,0,0,0,0,0
2306.01294,amsart,0,0,6.547980547,0.11697197,20.94262338,0.170300961,FALSE,2,2,0,0,0,0,0,4,TRUE,0,0,0,0,0
2306.0151,amsart,0,0,14.24282169,0.168339968,9.532719612,0.170818329,FALSE,0,0,0,0,0,0,0,0,TRUE,0,0,0,0,0
2306.00116,amsart,0,0,10.52010059,0.115476608,6.918822765,0.177232504,FALSE,0,0,0,0,0,0,0,0,TRUE,0,0,0,0,0
2306.00818,article,0,0,34.77067685,0.168865919,26.33974028,0.166653156,FALSE,18,2,0,0,0,0,0,2,TRUE,0,0,1,7,0
2306.00075,ieeeconf,12,12,5.548810482,5.44853282,4.721660376,0.167423487,FALSE,15812,12020,4,2,710,-13163,-11070,85,TRUE,0,0,3,3,1
2306.01235,amsart,0,0,2.981950521,0.115710974,2.431204319,0.166612864,TRUE,0,0,0,0,0,0,0,0,TRUE,0,0,0,0,0
2306.02394,revtex4,0,0,4.950099707,0.116556883,3.537351131,0.116382122,FALSE,2,2,0,0,0,0,0,4,TRUE,0,0,0,0,0
2306.00249,article,0,0,203.0088475,0.268903732,180.1370976,0.223445654,FALSE,11,5,0,0,0,-11,-5,3,TRUE,0,0,0,0,0
2306.01903,elsarticle,12,0,20.75124121,16.28715873,29.85402584,0.170175314,FALSE,10610,6898,4,8,1161,3715,3421,74,TRUE,0,0,2,2,-1
2306.08248,revtex4-2,0,0,25.55360126,0.167189598,18.33497,0.176814795,FALSE,65,38,0,0,10,0,0,0,TRUE,0,0,0,0,0
2306.00009,acmart,0,12,29.89255667,0.21983695,4.346876621,4.650314569,FALSE,590,236,0,0,121,-180,-154,12,TRUE,0,0,0,0,0
2306.0042,llncs,0,0,16.09336472,0.267891169,7.158848524,0.167112589,FALSE,76,0,0,0,21,0,0,0,TRUE,0,0,0,0,0
2306.00166,svjour3,0,0,26.98909163,0.167397261,12.25844479,0.17354393,TRUE,0,0,0,0,0,0,0,0,TRUE,0,0,0,0,0
2306.00159,article,0,0,8.111358166,0.115884542,5.146503925,0.168833256,TRUE,0,0,0,0,0,0,0,0,TRUE,0,0,0,0,0
2306.09529,article,0,0,14.61290455,0.115805387,9.176415443,0.168344975,TRUE,0,0,0,0,0,0,0,0,TRUE,0,0,0,0,0
2306.16731,article,0,0,23.14212108,0.171890259,14.77302051,0.169839144,TRUE,0,0,0,0,0,0,0,0,TRUE,0,0,0,0,0
2306.00158,aastex63,0,0,14.95709968,0.116017818,10.98564315,0.172314167,FALSE,52,52,0,0,0,0,0,12,TRUE,0,0,0,0,0
2306.00026,jmlr,0,0,12.83662796,0.16813302,8.169595718,0.168868303,FALSE,0,0,0,0,0,0,0,0,TRUE,0,0,0,0,0
2306.00991,amsart,0,0,9.620052576,0.117081404,6.743039608,0.171242952,TRUE,0,0,0,0,0,0,0,0,TRUE,0,0,0,0,0
2306.05217,revtex4-2,0,0,14.31472778,0.169246674,9.377185822,0.172728539,FALSE,0,0,0,0,0,0,0,0,TRUE,0,0,0,2,0
2306.00422,revtex4-1,0,0,9.266391039,0.119096041,7.460833073,0.11691618,FALSE,195,31,0,0,43,2,0,4,TRUE,0,0,0,2,0
2306.01441,amsart,0,0,6.604604006,0.1172297,4.090896606,0.116139889,FALSE,0,0,0,0,0,0,0,0,TRUE,0,0,0,0,0
2306.00027,IEEEtran,0,0,27.17833328,0.16785574,17.52510262,0.169091463,FALSE,940,152,1,2,316,-4,7,11,TRUE,0,0,0,0,0
2306.00064,revtex4-2,0,0,10.96797371,0.169636011,8.524704218,0.178213596,FALSE,2,2,0,0,0,0,0,4,TRUE,0,0,0,0,0
2306.02434,IEEEapm,12,12,2.685675621,2.378018856,2.382470369,0.171021461,FALSE,24200,20355,0,0,0,-24150,-20326,78,TRUE,0,0,0,0,3
2306.07778,elsarticle,0,0,18.44202471,0.117076159,15.84675264,0.171632051,TRUE,0,0,0,0,0,0,0,0,TRUE,0,0,0,0,0
2306.00819,optica-article,0,0,18.64108491,0.173253775,12.3486433,0.171131849,FALSE,20,0,0,0,0,20,0,0,TRUE,0,0,0,0,0
2306.03768,amsproc,0,0,9.324960232,0.116430521,6.474742651,0.170655489,TRUE,0,0,0,0,0,0,0,0,TRUE,0,0,0,0,0
2306.00141,amsart,0,0,21.4260211,0.169126034,15.77022386,0.170728445,FALSE,0,0,0,0,0,0,0,0,TRUE,0,0,0,14,0
2306.01949,revtex4,0,0,19.930161,0.116316557,13.57302952,0.173036814,TRUE,0,0,0,0,0,0,0,0,TRUE,0,0,0,0,0
2306.00154,article,0,0,35.74101067,0.166855812,28.15459251,0.167660236,FALSE,3,2,0,0,0,-1,0,2,TRUE,0,0,0,0,0
2306.00287,mnras,0,0,18.1807723,0.116387367,13.24668431,0.168785095,FALSE,44,5,0,0,0,-31,0,3,TRUE,0,0,0,0,0
2306.0051,article,0,0,3.687514305,0.117238283,3.040175915,0.116162777,FALSE,0,0,0,0,0,0,0,0,TRUE,0,0,0,0,0
2306.00727,amsart,0,0,15.89976883,0.168526173,9.975126505,0.175581217,TRUE,0,0,0,0,0,0,0,0,TRUE,0,0,0,0,0
2306.00493,article,0,0,7.122382402,0.115407705,5.414532423,0.167868376,TRUE,0,0,0,0,0,0,0,0,TRUE,0,0,0,0,0
2306.00408,IEEEtran,0,0,6.708670855,0.169550896,5.203990698,0.171334743,TRUE,0,0,0,0,0,0,0,0,TRUE,0,0,0,0,0
2306.00882,amsart,0,0,3.538046598,0.116213083,3.240482569,0.172240257,TRUE,0,0,0,0,0,0,0,0,TRUE,0,0,0,0,0
2306.00464,acmart,0,0,30.4979136,0.175091982,22.92155623,0.167511702,FALSE,2,0,0,0,0,2,0,0,TRUE,0,0,0,0,0
2306.02764,elsarticle,0,0,18.08176303,0.17412281,12.79200554,0.167999506,FALSE,26,2,0,0,8,0,0,4,TRUE,0,0,0,2,0
2306.00278,amsart,0,0,7.305730343,0.167191505,3.791177034,0.116711617,TRUE,0,0,0,0,0,0,0,0,TRUE,0,0,0,0,0
2306.00222,article,0,0,25.77664185,0.116322517,19.10616565,0.171775341,TRUE,0,0,0,0,0,0,0,0,TRUE,0,0,0,0,0
2306.03766,revtex4,0,0,9.312361956,0.11673975,6.8588624,0.172351837,FALSE,2,2,0,0,0,0,0,4,TRUE,0,0,0,0,0
2306.00478,article,0,0,1.726015091,0.116062403,1.930933952,0.170280933,TRUE,0,0,0,0,0,0,0,0,TRUE,0,0,0,0,0
2306.00537,article,0,0,10.47077394,0.116546631,9.575938463,0.175356388,FALSE,2,2,0,0,0,0,0,4,TRUE,0,0,0,0,0
2306.00019,article,0,0,15.86279273,0.167474508,10.19828606,0.16811657,FALSE,2,2,0,0,0,0,0,4,TRUE,0,0,0,0,0
2306.01515,iopart,0,0,19.08598685,0.118870735,15.10995412,0.175629139,FALSE,0,0,0,0,0,0,0,0,TRUE,0,0,0,0,0
2306.10949,revtex4,0,0,7.95462513,0.116112232,5.549749374,0.16773653,FALSE,2,2,0,0,0,0,0,4,TRUE,0,0,0,0,0
2306.01403,revtex4-2,0,0,12.59043169,0.170443773,10.30297112,0.172301531,FALSE,2,2,0,0,0,0,0,4,TRUE,0,0,0,0,0
2306.01511,article,0,0,21.10185456,0.167166233,13.86390948,0.168715239,FALSE,2,2,0,0,0,0,0,4,TRUE,0,0,0,0,0
2306.00469,elsarticle,0,0,12.73283339,0.16698575,8.081977844,0.17419982,FALSE,2,2,0,0,0,0,0,4,TRUE,0,0,0,0,0
2306.0016,INTERSPEECH2023,0,0,17.65151334,0.167272091,9.577548742,0.178109884,TRUE,0,0,0,0,0,0,0,0,TRUE,0,0,0,0,0
2306.00394,revtex4-1,0,0,12.60394597,0.116133451,6.556978464,0.174214125,FALSE,11761,1985,3,6,3839,3,2,2,TRUE,0,0,0,0,-1
2306.00221,revtex4-2,0,0,73.2804594,0.170449972,64.71975493,0.176049471,FALSE,3,2,0,0,0,-1,0,4,TRUE,0,0,0,0,0
2306.00234,IEEEtran,0,0,4.392347574,0.119294643,3.492594719,0.115968943,TRUE,0,0,0,0,0,0,0,0,TRUE,0,0,0,0,0
2306.04202,dccpaper,0,0,18.92004538,0.117614508,13.07098913,0.168359995,TRUE,0,0,0,0,0,0,0,0,TRUE,0,0,0,0,0
2306.00214,amsart,0,0,8.728073359,0.118775606,5.449885845,0.168936491,TRUE,0,0,0,0,0,0,0,0,TRUE,0,0,0,0,0
2306.01935,oup-authoring-template,0,0,16.69774461,0.115404844,10.48401928,0.172214985,TRUE,0,0,0,0,0,0,0,0,TRUE,0,0,0,0,0
2306.02792,amsart,0,0,14.95171332,0.173853874,9.641717196,0.173904419,FALSE,0,0,0,0,0,0,0,0,TRUE,0,0,0,0,0
2306.04132,amsart,0,0,12.13181806,0.115790367,8.16898632,0.174123287,TRUE,2,2,0,0,0,0,0,4,TRUE,0,0,0,0,0
2306.0166,article,0,0,13.18498373,0.167032242,8.021298647,0.167126179,FALSE,0,0,0,0,0,0,0,0,TRUE,0,0,0,0,0
2306.09175,article,0,0,34.52631712,0.175137043,24.74500918,0.173700571,FALSE,0,0,0,0,0,0,0,0,TRUE,0,0,0,0,0
2306.00103,article,0,0,40.46263885,0.16671586,26.66804671,0.174285412,FALSE,20,20,0,0,0,0,0,4,TRUE,0,0,0,0,0
2306.00266,article,0,0,15.53948212,0.116338491,9.978563786,0.170716763,FALSE,54,2,0,0,16,0,0,4,TRUE,0,0,0,0,0
2306.04598,aastex631,0,0,11.06401706,0.116120815,6.635906696,0.172730684,TRUE,2,2,0,0,0,0,0,4,TRUE,0,0,0,0,0
2306.00299,article,0,0,14.2568841,0.116286278,9.475502491,0.168111563,TRUE,0,0,0,0,0,0,0,0,TRUE,0,0,0,0,0
2306.00081,revtex4-2,0,0,17.33921909,0.169277906,13.68711662,0.172373533,TRUE,2,2,0,0,0,0,0,4,TRUE,0,0,0,0,0
2306.00138,revtex4-1,0,0,12.5091784,0.116221666,9.290548801,0.170418978,TRUE,0,0,0,0,0,0,0,0,TRUE,0,0,0,0,0
2306.00229,acmart,0,0,15.35336924,0.166291714,9.369951725,0.170606852,FALSE,601,66,0,0,212,0,0,0,TRUE,0,0,0,0,0
2306.00156,elsarticle,0,0,13.97008204,0.166185141,9.92622447,0.167582035,TRUE,2,2,0,0,0,0,0,4,TRUE,0,0,0,0,0
2306.0058,nbdt-article,0,0,27.03098798,0.115947962,16.73419857,0.167744398,FALSE,0,0,0,0,0,0,0,0,TRUE,0,0,0,0,0
2306.0003,iopart,12,12,0.317246914,0.317751169,0.478643894,0.17538929,FALSE,,,,,,,,,,,,,,
2306.00558,amsart,12,12,5.345641851,5.047596931,4.300384283,0.168796778,FALSE,9122,2252,0,0,2638,157,-728,56,TRUE,0,0,2,2,0