arxiv_id,20_ret,docclass,20_time1,20_time2,21_ret,21_time1,21_time2,22_ret,22_time1,22_time2,23_ret,23_time1,23_time2,entrypoint,documentclass,docclass_params,20,21,23,20<>21,20<>23
2306.04587,0,article,21.212310314178467,0.1674983501434326,0,16.462233543395996,0.1688563823699951,0,16.91301655769348,0.1163957118988037,0,11.189542293548584,0.1716606616973877,,,,,,,False,False
2306.00049,0,mnras,97.85661792755128,0.1672124862670898,0,78.94641423225403,0.1675243377685547,0,79.33288192749023,0.1682536602020263,0,75.94625210762024,0.1672821044921875,,,,,,,False,False
2306.11061,0,article,16.173828125,0.1663908958435058,0,12.688703060150146,0.1194679737091064,0,13.659832000732422,0.1157214641571044,0,10.424277067184448,0.1676640510559082,,,,,,,False,False
2306.02667,12,elsarticle,10.03379511833191,9.904545068740845,12,7.602617502212524,7.958446502685547,12,8.896464109420776,0.1168932914733886,12,6.211815595626831,0.1667015552520752,,,,,,,True,False
2306.0007,0,article,25.676098585128784,0.1666345596313476,0,17.95935583114624,0.1688172817230224,0,22.8989577293396,0.1721138954162597,0,15.11127519607544,0.1666769981384277,,,,,,,False,False
2306.02708,0,amsart,21.29719710350037,0.2186465263366699,0,15.716073751449583,0.1700341701507568,12,21.43124485015869,0.2166390419006347,0,11.93194341659546,0.1671361923217773,,,,,,,False,False
2306.00489,0,INTERSPEECH2023,12.824233770370483,0.2270169258117675,0,9.719950199127195,0.1681253910064697,12,11.42743682861328,0.2180256843566894,0,7.123998165130615,0.1701817512512207,,,,,,,True,True
2306.00432,0,article,12.38328504562378,0.2221724987030029,0,9.428484678268433,0.1714105606079101,12,11.131803512573242,0.2181577682495117,0,6.556469202041626,0.217348575592041,,,,,,,True,True
2306.06241,0,elsarticle,17.104706287384033,0.1704249382019043,0,40.57025074958801,0.1170709133148193,0,47.86645722389221,0.1167941093444824,0,43.25733208656311,0.1694176197052002,,,,,,,True,True
2306.00182,0,amsart,31.48038601875305,0.1670453548431396,0,25.82565665245056,0.1674673557281494,12,25.86625576019287,0.2221651077270507,0,20.2552433013916,0.2186455726623535,,,,,,,False,False
2306.00389,0,article,26.48976731300354,0.1678805351257324,0,20.800549030303955,0.1718597412109375,0,21.295785188674927,0.1664822101593017,0,15.16458535194397,0.1781091690063476,,,,,,,False,False
2306.00125,0,article,23.81857967376709,0.1679511070251464,0,15.704718351364136,0.116708755493164,0,17.678578853607178,0.1695818901062011,0,10.72998547554016,0.1724908351898193,,,,,,,False,False
2306.00293,0,achemso,23.158591747283936,0.1719651222229004,0,18.53588104248047,0.1160852909088134,0,19.11629319190979,0.171126127243042,0,16.21225595474243,0.1338543891906738,,,,,,,True,False
2306.0021,12,article,7.221381902694702,8.015714645385742,0,22.457375288009644,0.1741855144500732,0,23.61066460609436,0.1157634258270263,0,14.296953916549684,0.1726160049438476,,,,,,,False,False
2306.01661,0,revtex4-1,47.3937292098999,0.1688094139099121,0,15.263700246810911,0.1687264442443847,12,16.37438440322876,0.166400671005249,0,10.582508087158203,0.1673743724822998,,,,,,,True,True
2306.08345,0,acmart,45.3613350391388,0.1162550449371337,0,31.70697927474976,0.1670353412628173,0,32.15464949607849,0.1665990352630615,12,6.968783140182495,7.206497669219971,,,,,,,True,False
2306.00028,0,revtex4-2,11.240244388580322,0.1717391014099121,0,11.747024536132812,0.1686258316040039,12,12.196625709533691,0.2173337936401367,0,10.035566091537476,0.1669707298278808,,,,,,,True,True
2306.01534,0,article,9.583948373794556,0.1668024063110351,0,10.005512237548828,0.1674106121063232,12,15.047418594360352,0.2684640884399414,0,7.356696844100952,0.1679315567016601,,,,,,,True,True
2306.00194,0,amsart,11.124642848968506,0.1160135269165039,0,11.576356649398804,0.1672687530517578,0,16.623079776763916,0.1716580390930175,0,7.370506525039673,0.1690475940704345,,,,,,,False,False
2306.02145,0,wlscirep,19.696986436843872,0.1674773693084716,0,21.066262245178223,0.1726858615875244,12,25.21176481246948,0.271836519241333,0,13.849246501922607,0.1669888496398925,,,,,,,False,False
2306.00706,0,article,11.101054191589355,0.2172181606292724,0,7.207083702087402,0.1703712940216064,0,6.711276531219482,0.1684298515319824,0,3.98909068107605,0.1682715415954589,,,,,,,False,False
2306.00359,0,revtex4-1,8.100605487823486,0.2179930210113525,0,4.292639493942261,0.1168110370635986,0,6.274642705917358,0.1694307327270507,0,3.3844566345214844,0.1675069332122802,,,,,,,False,False
2306.00135,0,article,27.53358221054077,0.2179760932922363,0,16.07430148124695,0.171875,12,21.737752199172974,0.2688078880310058,0,10.534396886825562,0.1674013137817382,,,,,,,True,True
2306.00055,12,article,0.6219768524169922,0.7829799652099609,12,0.4213101863861084,0.4234848022460937,12,0.6224148273468018,0.1680240631103515,12,0.520658016204834,0.1706669330596923,,,,,,,False,False
2306.00853,0,article,38.78740429878235,0.1682565212249755,0,41.79312705993652,0.1719167232513427,0,42.8937976360321,0.1703064441680908,0,34.359721422195435,0.1674551963806152,,,,,,,False,False
2306.0025,0,revtex4-1,26.873955965042114,0.1693685054779052,0,24.27096915245056,0.1166424751281738,0,23.01242733001709,0.1697180271148681,0,15.509685754776,0.1721346378326416,,,,,,,False,False
2306.00475,0,elsarticle,8.462467908859253,0.1670045852661132,0,9.040583610534668,0.1668992042541504,0,6.95369553565979,0.1189227104187011,0,4.826794862747192,0.1664807796478271,,,,,,,True,True
2306.00038,0,article,27.761649131774902,0.17098069190979,0,27.776195287704468,0.1163177490234375,0,26.78503179550171,0.1711084842681884,0,18.82884931564331,0.1682198047637939,,,,,,,False,False
2306.00365,0,revtex4-2,26.48674964904785,0.168597936630249,0,26.855133056640625,0.1161441802978515,0,25.7212131023407,0.1170294284820556,0,21.762819290161133,0.170677900314331,,,,,,,False,True
2306.00511,0,amsart,7.404144763946533,0.1160459518432617,0,8.487188816070557,0.1155371665954589,0,8.764580488204956,0.1164398193359375,0,7.213043689727783,0.1701428890228271,,,,,,,True,True
2306.00922,0,amsart,4.538414478302002,0.1161565780639648,0,4.693310737609863,0.1169948577880859,0,4.542109966278076,0.1187047958374023,0,3.333942651748657,0.1698946952819824,,,,,,,True,True
2306.02185,12,nature,12.586373567581177,6.12999963760376,12,13.87322998046875,6.866111993789673,12,13.302090167999268,0.1690363883972168,12,12.160207748413086,0.1162357330322265,,,,,,,True,False
2306.00094,0,elsarticle,18.76379919052124,0.1675841808319091,0,18.993403434753414,0.1677684783935547,12,19.999711990356445,0.2219345569610595,0,12.839120864868164,0.1715133190155029,,,,,,,False,False
2306.00122,0,article,24.52242612838745,0.2167623043060302,0,22.81769871711731,0.1165125370025634,0,22.705589294433597,0.1165528297424316,0,15.533226728439333,0.1690394878387451,,,,,,,False,False
2306.00085,0,article,21.568963527679443,0.2168185710906982,0,17.41814351081848,0.167271614074707,12,16.150359392166138,0.2241089344024658,0,10.783217668533323,0.1700930595397949,,,,,,,False,False
2306.00733,0,article,18.111188888549805,0.1155781745910644,0,14.324230909347534,0.1728909015655517,0,9.285853385925291,0.1680822372436523,0,8.066811323165894,0.1752192974090576,,,,,,,True,True
2306.00282,12,cas-dc,15.512794733047484,8.411221981048584,12,15.806950330734251,7.826509475708008,0,29.330836296081543,0.1690027713775634,0,24.51801586151123,0.1716530323028564,,,,,,,False,False
2306.00454,0,article,10.892515182495115,0.1710331439971923,0,10.734705686569214,0.1754431724548339,0,10.676639556884766,0.1167778968811035,0,7.813735008239746,0.1677465438842773,,,,,,,True,True
2306.0005,12,article,7.957028388977051,9.310960054397585,12,8.521290063858032,8.432026863098145,12,7.964558362960815,0.1713161468505859,12,5.915039300918579,0.1687829494476318,,,,,,,True,False
2306.03941,0,article,9.487919807434082,0.1719284057617187,0,9.682371854782104,0.1705992221832275,12,9.236220836639404,0.1659786701202392,0,7.862961769104004,0.1714470386505127,,,,,,,True,True
2306.00484,0,amsart,10.369993448257446,0.1184337139129638,0,12.27035641670227,0.1676986217498779,0,10.679472208023071,0.1703529357910156,0,7.409236907958984,0.1669244766235351,,,,,,,False,False
2306.00029,12,article,4.891868591308594,5.653385877609253,12,5.611911773681641,6.360780715942383,12,5.395760774612427,0.1700336933135986,12,3.439258813858032,0.171537160873413,,,,,,,False,False
2306.02148,0,elsarticle,16.76899552345276,0.1662251949310302,0,21.880041122436523,0.1667361259460449,0,16.16911220550537,0.1668729782104492,0,9.938557386398315,0.168450117111206,,,,,,,False,False
2306.00613,0,article,18.200780868530277,0.2711296081542969,0,16.794572830200195,0.1696381568908691,12,14.80419373512268,0.2178609371185302,0,10.185938835144045,0.1660757064819336,,,,,,,False,False
2306.02096,12,elsarticle,8.027339458465576,8.469388723373413,12,6.36492133140564,8.372462034225464,12,6.066708326339722,0.1158051490783691,12,4.237654447555542,0.2175874710083007,,,,,,,False,False
2306.00128,0,achemso,21.459412336349487,0.1691548824310302,0,15.550172328948976,0.1721701622009277,0,15.347606897354126,0.1171622276306152,0,12.80663776397705,0.177600622177124,,,,,,,True,False
2306.00123,12,revtex4-2,9.726733446121216,9.532114267349243,12,4.494364261627197,4.496880769729614,12,4.492844820022583,0.1153905391693115,12,4.145070791244507,0.1723623275756836,,,,,,,False,False
2306.00084,0,mnras,32.63008141517639,0.2224643230438232,0,21.62819004058838,0.16957688331604,12,21.06103229522705,0.2166948318481445,0,18.393031358718872,0.1661865711212158,,,,,,,False,False
2306.01133,0,amsart,6.711554050445557,0.1660773754119873,0,5.1695849895477295,0.1167852878570556,0,4.38866662979126,0.1161482334136962,0,3.083967685699463,0.1701631546020507,,,,,,,True,True
2306.00428,0,amsart,10.903334856033323,0.1672151088714599,0,6.2504870891571045,0.1162490844726562,0,7.006614208221436,0.1163516044616699,0,4.563836812973023,0.1721699237823486,,,,,,,False,False
2306.01933,0,MRM,37.46365427970886,0.1666440963745117,0,23.86502885818481,0.1164684295654296,0,24.01846146583557,0.1739118099212646,0,17.76957368850708,0.1689543724060058,,,,,,,True,True
2306.00429,0,revtex4-1,13.579214572906494,0.1673543453216552,0,9.235909461975098,0.1710927486419677,0,9.817722082138062,0.1166350841522216,0,8.664909839630127,0.1677322387695312,,,,,,,True,True
2306.08367,12,acmart,10.332497596740724,11.958503484725952,12,7.002033233642578,7.1021904945373535,12,7.3760504722595215,0.1749963760375976,12,5.261213541030884,0.3195407390594482,,,,,,,False,False
2306.0811,0,article,29.580561637878414,0.1683104038238525,0,19.197763442993164,0.169468879699707,0,19.73381543159485,0.1733636856079101,0,13.62887954711914,0.1669642925262451,,,,,,,True,True
2306.00466,12,IEEEtran,5.315390586853027,5.80500340461731,12,4.239914894104004,4.18788743019104,12,4.340987205505371,0.1698417663574218,12,3.536005973815918,0.1680631637573242,,,,,,,True,False
2306.00554,12,egpubl,12.248894453048706,11.125203847885132,12,9.373818635940552,8.883858442306519,12,8.533329725265503,0.1688594818115234,12,7.127276182174683,0.1707611083984375,,,,,,,True,False
2306.00782,0,revtex4-2,30.22659492492676,0.1709513664245605,0,31.94524335861206,0.1689743995666504,0,31.98668313026428,0.1159350872039794,0,28.181384325027462,0.1674897670745849,,,,,,,True,True
2306.13226,0,memoir,7.755662202835083,0.1161160469055175,0,8.617015838623047,0.1726574897766113,12,8.466811418533325,0.2223608493804931,0,6.070048809051514,0.166471242904663,,,,,,,False,False
2306.00149,0,IEEEtran,12.281059980392456,0.1662817001342773,0,12.54628562927246,0.1708741188049316,12,8.110455513000488,0.2220520973205566,0,6.50727128982544,0.1669542789459228,,,,,,,True,True
2306.04327,0,llncs,11.343804359436035,0.1158843040466308,0,10.390268802642822,0.1161482334136962,0,10.552104711532593,0.1708831787109375,0,9.335971593856812,0.1681380271911621,,,,,,,True,True
2306.02281,0,revtex4-2,9.211698293685911,0.1684503555297851,0,10.068827867507936,0.116473913192749,0,9.91866946220398,0.1686336994171142,0,8.113504409790039,0.1690027713775634,,,,,,,True,True
2306.00285,0,article,5.516996145248413,0.1706745624542236,0,5.701387405395508,0.1688847541809082,0,5.450214147567749,0.1161806583404541,0,3.554663896560669,0.1704742908477783,,,,,,,True,False
2306.00022,0,mnras,9.333195924758911,0.1162269115447998,0,9.23786234855652,0.1758890151977539,0,9.08088207244873,0.1162750720977783,0,5.951428651809692,0.1691770553588867,,,,,,,False,False
2306.00078,0,revtex4-1,8.76291036605835,0.1667971611022949,0,8.461451530456543,0.1701834201812744,12,8.714466571807861,0.2172558307647705,0,6.0044779777526855,0.1669771671295166,,,,,,,False,False
2306.00743,0,article,8.210035800933838,0.166414737701416,0,7.254206657409668,0.1159956455230712,0,7.514069557189941,0.1156461238861084,0,5.298751592636108,0.1678757667541504,,,,,,,True,True
2306.01028,0,llncs,7.555278062820435,0.1157019138336181,0,7.005859851837158,0.1158463954925537,12,7.103704929351807,0.2230021953582763,0,5.046645402908325,0.1683855056762695,,,,,,,True,False
2306.00313,0,amsart,17.387197256088257,0.1664254665374755,0,15.67202925682068,0.1702637672424316,12,16.38258957862854,0.2223925590515136,0,11.80837059020996,0.1667399406433105,,,,,,,False,False
2306.02681,12,revtex4-2,10.871400833129885,10.988226175308228,12,10.729000568389893,11.091283798217772,12,11.177541732788086,0.1750886440277099,12,13.604368209838867,0.1692132949829101,,,,,,,False,False
2306.00479,0,acmart,18.83013200759888,0.1170821189880371,0,25.08803653717041,0.1165974140167236,0,19.14495611190796,0.1154608726501464,12,7.841073751449585,0.1726582050323486,,,,,,,False,False
2306.00036,0,article,26.364951372146606,0.1738908290863037,0,30.942659616470337,0.1354942321777343,0,28.712016820907596,0.1157379150390625,0,22.664883852005005,0.1745107173919677,,,,,,,False,False
2306.0011,0,article,20.541730165481567,0.1710426807403564,0,22.95874071121216,0.1667397022247314,0,21.098008394241333,0.1700022220611572,0,14.931355237960815,0.1684439182281494,,,,,,,False,False
2306.00762,0,uai2023,29.503786087036133,0.1697938442230224,0,32.9866316318512,0.1673934459686279,0,32.4087278842926,0.1668832302093505,0,23.27283215522766,0.1671855449676513,,,,,,,False,False
2306.00641,0,atlasdoc,68.88110280036926,0.1738357543945312,0,84.54924869537354,0.1673295497894287,0,75.88509941101074,0.1158373355865478,0,69.27402329444885,0.1661989688873291,,,,,,,False,False
2306.0071,0,amsart,15.93565034866333,0.2193901538848877,0,12.953827142715454,0.1167662143707275,0,12.949966192245483,0.1162309646606445,0,8.523422479629517,0.1681301593780517,,,,,,,False,False
2306.06698,12,article,7.540645599365234,10.352195978164673,12,5.176080942153931,5.18981409072876,12,4.141805410385132,0.1722669601440429,12,2.7812578678131104,0.1683025360107422,,,,,,,False,False
2306.00113,0,amsart,26.53493356704712,0.6421856880187988,0,10.875815868377686,0.1155314445495605,0,10.522896766662598,0.1160371303558349,0,7.788663864135742,0.1696577072143554,,,,,,,True,True
2306.00263,0,pasj01,27.32300853729248,0.2207133769989013,0,7.021177768707275,0.1156554222106933,0,7.610007286071777,0.1166820526123046,0,7.745258569717407,0.1691486835479736,,,,,,,True,True
2306.00531,0,amsart,13.170105457305908,0.1681420803070068,0,10.864049673080444,0.1683642864227295,0,7.9228785037994385,0.1159360408782959,0,5.350568056106567,0.1759169101715088,,,,,,,False,False
2306.00574,12,article,8.689372539520264,9.26956033706665,12,6.70713210105896,8.0039803981781,12,6.452597379684448,0.1682305335998535,12,4.594538688659668,0.1683177947998047,,,,,,,True,False
2306.01073,0,article,10.752567291259766,0.168370246887207,0,9.847166538238524,0.1676077842712402,0,7.9602906703948975,0.1719508171081543,0,4.945122718811035,0.1691586971282959,,,,,,,True,True
2306.00615,0,article,12.877403736114502,0.1696765422821045,0,10.72200846672058,0.1728370189666748,0,8.681539058685303,0.1674592494964599,0,6.673039436340332,0.1158995628356933,,,,,,,False,False
2306.00146,0,revtex4-2,132.64357352256775,0.16658616065979,0,131.0367078781128,0.1162548065185546,0,118.37245893478394,0.1353330612182617,0,106.12379956245422,0.1757361888885498,,,,,,,True,True
2306.00236,12,article,11.566697120666504,9.118591070175173,12,7.10966420173645,7.007380485534668,12,7.229457378387451,0.1671814918518066,12,4.741519212722778,0.17594575881958,,,,,,,False,False
2306.00093,0,article,12.26601529121399,0.1686208248138427,0,12.43972635269165,0.1674976348876953,12,10.128981590270996,0.2219941616058349,0,6.003268480300903,0.1684598922729492,,,,,,,False,False
2306.00033,0,article,3.538011312484741,0.11611008644104,0,3.205732583999634,0.1714060306549072,0,3.997220516204834,0.1671528816223144,0,2.4467594623565674,0.1167287826538086,,,,,,,True,True
2306.00367,0,article,29.637900829315186,0.1684741973876953,0,28.052016258239743,0.1750075817108154,0,27.98958110809326,0.173779010772705,0,15.313436269760132,0.1677794456481933,,,,,,,False,False
2306.08486,0,GonnellaLab-StyleArXiv,44.60905075073242,0.1678264141082763,0,38.57421970367432,0.1671633720397949,0,39.322261095047,0.1703038215637207,0,25.45098066329956,0.168083906173706,,,,,,,False,False
2306.01378,0,comsoc2023,21.983762502670288,0.1682002544403076,0,17.741432428359985,0.1161625385284423,0,17.56748676300049,0.1697602272033691,0,11.39480185508728,0.1691269874572754,,,,,,,False,False
2306.00218,0,revtex4-1,11.433856964111328,0.1155881881713867,0,7.924587726593018,0.1159474849700927,0,5.64980936050415,0.115795612335205,0,4.295172452926636,0.167651891708374,,,,,,,True,True
2306.05241,12,article,1.2731835842132568,1.3260817527770996,0,22.087095737457275,0.1167404651641845,0,25.007714986801147,0.1167340278625488,0,15.075910091400146,0.1701693534851074,,,,,,,False,False
2306.1063,0,achemso,11.049741744995115,0.1173627376556396,0,11.59661316871643,0.1722047328948974,0,11.49855637550354,0.1157143115997314,0,9.476494073867798,0.1162066459655761,,,,,,,True,True
2306.00005,0,article,27.345668077468872,0.1708192825317382,0,34.4007363319397,0.1743757724761963,0,28.22899794578552,0.1158282756805419,0,19.62055611610413,0.1720986366271972,,,,,,,False,False
2306.00006,0,article,16.75504493713379,0.118457555770874,0,19.106412649154663,0.1672306060791015,0,15.714426517486572,0.1163816452026367,0,11.087456464767456,0.172422170639038,,,,,,,False,False
2306.00822,0,article,4.4889304637908936,0.115757942199707,0,5.246200799942017,0.1702010631561279,0,4.890454292297363,0.1162390708923339,0,3.288771390914917,0.169926643371582,,,,,,,True,True
2306.00237,12,revtex4-2,4.202665090560913,3.9351069927215576,12,4.845867872238159,4.643760919570923,12,4.08650016784668,0.1165988445281982,12,3.604341506958008,0.1663384437561035,,,,,,,False,False
2306.12602,0,article,21.22836780548096,0.1157033443450927,0,22.03991985321045,0.1694607734680175,0,20.89638113975525,0.1166338920593261,0,13.4993314743042,0.173699140548706,,,,,,,False,False
2306.01388,0,acmart,20.843106269836422,0.1158993244171142,0,25.04560089111328,0.1687185764312744,0,20.847611904144287,0.1160740852355957,0,15.336118936538696,0.1709914207458496,,,,,,,False,False
2306.00104,0,llncs,7.456709623336792,0.1157536506652832,0,8.318397283554077,0.1163208484649658,0,7.609238386154175,0.1171443462371826,0,5.350254058837891,0.1738524436950683,,,,,,,True,True
2306.00226,0,article,10.739686489105225,0.1167571544647216,0,9.967175245285034,0.1157379150390625,0,10.069835424423218,0.116938829421997,0,7.176396369934082,0.1688969135284423,,,,,,,True,True
2306.00277,0,elsarticle,7.206103086471558,0.1193358898162841,0,5.094193935394287,0.1174705028533935,0,7.425390958786011,0.1708817481994629,0,6.503446817398071,0.116722822189331,,,,,,,False,False
2306.01713,0,revtex4-2,13.652465343475342,0.17165207862854,0,13.653120994567873,0.1162316799163818,0,13.943135261535645,0.1718301773071289,0,9.95336127281189,0.1722135543823242,,,,,,,True,True
2306.00257,0,amsart,5.864304065704346,0.1185004711151123,0,6.2491068840026855,0.1701467037200927,0,6.203208208084106,0.1750762462615966,0,3.838422298431397,0.1778554916381836,,,,,,,False,False
2306.0023,0,elsarticle,35.395904779434204,0.1684820652008056,0,35.2986855506897,0.1161928176879882,0,34.91657900810242,0.1754183769226074,0,33.82609796524048,0.166299819946289,,,,,,,False,False
2306.00441,0,amsart,8.769164085388184,0.1156284809112548,0,7.571975946426392,0.1161658763885498,0,7.828779697418213,0.1751272678375244,0,5.897090196609497,0.165971040725708,,,,,,,True,True
2306.00187,0,IEEEtran,13.95413613319397,0.1713135242462158,0,13.59353232383728,0.1732025146484375,0,13.641262292861938,0.1171486377716064,0,11.1843421459198,0.1742410659790039,,,,,,,True,True
2306.00382,0,article,17.366673707962036,0.1157779693603515,0,17.084884881973267,0.1710240840911865,0,17.132153272628784,0.1706526279449463,0,13.157922267913818,0.1671423912048339,,,,,,,False,False
2306.00675,0,IEEEtran,9.92352533340454,0.1667087078094482,0,10.025489807128906,0.170936107635498,12,7.107455492019653,0.2179570198059082,0,5.350659132003784,0.1677384376525879,,,,,,,True,True
2306.13848,0,mdpi,16.271944522857666,0.1672255992889404,0,15.76795506477356,0.167473554611206,12,16.523157119750977,0.2207922935485839,0,10.533032178878784,0.1694891452789306,,,,,,,False,False
2306.00573,0,elsarticle,14.1589834690094,0.1670184135437011,0,14.71539568901062,0.1158249378204345,0,14.642058610916138,0.1163313388824462,0,11.006341695785522,0.1684398651123047,,,,,,,False,False
2306.00358,0,article,22.447920083999637,0.1154303550720214,0,22.151390075683597,0.1165549755096435,0,22.705084323883057,0.1156587600708007,0,14.30307912826538,0.1699833869934082,,,,,,,True,True
2306.00082,0,amsart,10.285370111465454,0.1163408756256103,0,10.680042266845703,0.1697630882263183,0,11.230995655059814,0.1161074638366699,0,7.869571685791016,0.1688904762268066,,,,,,,False,False
2306.00461,12,article,3.6857292652130127,3.794420957565308,12,3.787929534912109,3.7386457920074463,12,4.139470338821411,3.795856237411499,12,2.89888334274292,3.1379194259643555,,,,,,,True,True
2306.03442,0,article,20.018513679504395,0.1163809299468994,0,20.592114210128784,0.1170575618743896,0,21.410024166107178,0.1736195087432861,0,15.909199953079224,0.1676540374755859,,,,,,,False,False
2306.07888,0,acmart,60.48673892021179,0.1657524108886718,0,58.07988905906677,0.1668407917022705,12,59.008753538131714,0.217552900314331,12,11.038912296295166,0.1665294170379638,,,,,,,False,False
2306.01358,0,article,12.332085847854614,0.1158676147460937,0,12.442997455596924,0.1191160678863525,0,12.650179624557495,0.1694979667663574,0,9.067894697189333,0.1665868759155273,,,,,,,False,False
2306.00712,0,article,4.341452360153198,0.1158473491668701,0,4.455326557159424,0.1169536113739013,0,5.248473644256592,0.1171410083770752,0,4.191508531570435,0.1687624454498291,,,,,,,False,False
2306.0035,0,article,12.142583847045898,0.1164801120758056,0,12.861675024032593,0.168602705001831,0,13.59537434577942,0.1161139011383056,0,8.313037872314453,0.1675167083740234,,,,,,,False,False
2306.16386,0,revtex4-1,9.718188524246216,0.1154389381408691,0,9.974976062774658,0.169968843460083,0,7.104472637176514,0.1168723106384277,0,5.161122560501099,0.1155052185058593,,,,,,,True,True
2306.00275,12,IEEEtran,2.7290518283843994,3.031212091445923,0,8.780121803283691,0.1699724197387695,12,9.635105848312378,1.1969568729400637,0,6.610359191894531,0.168511152267456,,,,,,,False,False
2306.00746,0,article,3.182910919189453,0.1155619621276855,0,3.1866204738616943,0.1167688369750976,0,3.2815401554107666,0.1161284446716308,0,2.8863649368286133,0.175673246383667,,,,,,,True,True
2306.17541,0,article,6.752411842346191,0.1198072433471679,0,6.951930999755859,0.1710157394409179,0,7.306609630584717,0.1189675331115722,0,5.551452875137329,0.1713905334472656,,,,,,,False,False
2306.02773,0,scrartcl,11.391961574554443,0.1682803630828857,0,11.940447330474854,0.173290729522705,0,13.15758752822876,0.169626235961914,0,7.811748266220093,0.1721587181091308,,,,,,,False,False
2306.00516,0,sn-jnl,14.892735481262209,0.1161022186279296,0,14.91286039352417,0.1689498424530029,0,15.607431411743164,0.1160163879394531,0,10.49200677871704,0.1690669059753418,,,,,,,True,True
2306.00387,0,amsart,4.889940500259399,0.1157605648040771,0,5.607060194015503,0.1734302043914795,0,5.351791620254517,0.1194205284118652,0,3.6374433040618896,0.1668372154235839,,,,,,,True,True
2306.02984,0,article,19.21470284461975,0.168060302734375,0,19.63935589790344,0.11602783203125,0,19.790514707565308,0.167818546295166,0,13.298468589782717,0.1687936782836914,,,,,,,False,False
2306.00653,0,amsart,8.860271692276001,0.166461706161499,0,8.815289497375488,0.1159610748291015,12,9.06846833229065,0.2187693119049072,0,6.7555201053619385,0.1659507751464843,,,,,,,False,False
2306.17583,0,IEEEtran,7.172090291976929,0.116391897201538,0,6.952749490737915,0.1161589622497558,0,7.574594497680664,0.1169366836547851,0,6.018273591995239,0.1679673194885254,,,,,,,True,True
2306.03237,0,revtex4-2,5.953324317932129,0.1158747673034668,0,6.00335168838501,0.1726601123809814,0,6.6576924324035645,0.1168172359466552,0,4.952335596084595,0.1708898544311523,,,,,,,False,False
2306.00142,0,elsarticle,19.368379831314087,0.1314947605133056,0,18.833918809890747,0.1711344718933105,12,20.176594495773315,0.2203469276428222,0,12.891260147094728,0.1702373027801513,,,,,,,False,False
2306.00417,0,revtex4-2,8.261405229568481,0.115708589553833,0,8.325472593307495,0.1703743934631347,0,8.58790922164917,0.1158442497253418,0,5.952326059341431,0.1361870765686035,,,,,,,False,False
2306.00329,0,article,1.976480484008789,0.1167652606964111,0,1.7262301445007324,0.1166274547576904,0,2.02886176109314,0.1193888187408447,0,2.130867481231689,0.1680021286010742,,,,,,,True,False
2306.00425,0,article,17.263842582702637,0.17338228225708,0,16.610474824905396,0.1690859794616699,0,11.831156015396118,0.16994309425354,0,7.758685111999512,0.1664869785308838,,,,,,,False,False
2306.00063,0,amsart}%article,19.852397441864014,0.1741507053375244,0,20.90944766998291,0.1677594184875488,0,20.8107750415802,0.1664381027221679,0,16.987287044525146,0.1674582958221435,,,,,,,False,False
2306.00047,0,llncs,15.461897134780884,0.1188447475433349,0,15.149171590805054,0.1192748546600341,0,15.851954698562622,0.1165945529937744,0,10.038373470306396,0.1666171550750732,,,,,,,True,True
2306.00207,0,amsart,18.76878881454468,0.1717634201049804,0,17.80766725540161,0.1159687042236328,0,17.43042302131653,0.1712703704833984,0,13.294140100479126,0.1665072441101074,,,,,,,False,False
2306.00248,0,acmart,31.745054721832275,0.1692118644714355,0,31.90843725204468,0.1714575290679931,0,32.918577671051025,0.1713399887084961,12,5.951983690261841,6.118352890014648,,,,,,,False,False
2306.00032,0,article,7.725281715393066,0.1164681911468505,0,7.559223175048828,0.1155629158020019,12,7.404749393463135,0.1671268939971923,0,5.143481016159058,0.166325569152832,,,,,,,False,False
2306.00052,0,article,17.73275375366211,0.1703329086303711,0,17.080331325531006,0.1703042984008789,12,17.226319313049316,0.2168750762939453,0,12.486319780349731,0.1699395179748535,,,,,,,True,False
2306.00013,0,article,20.848761558532715,0.11590576171875,0,21.842977046966556,0.1700396537780761,0,22.66436767578125,0.1682872772216797,0,15.88471293449402,0.1670718193054199,,,,,,,False,False
2306.00213,0,article,14.105634689331056,0.1179921627044677,0,14.697744846343994,0.1193654537200927,0,14.70598840713501,0.1178107261657714,0,13.952829360961914,0.1166093349456787,,,,,,,True,True
2306.11627,0,svjour3,7.217674970626831,0.1169056892395019,0,7.60651421546936,0.1161732673645019,0,7.859307765960693,0.172762393951416,0,5.052158832550049,0.1699533462524414,,,,,,,True,True
2306.09084,0,article,6.910087585449219,0.1670563220977783,0,7.054268836975098,0.1672267913818359,12,5.110236406326294,0.1658968925476074,0,3.906578779220581,0.1700944900512695,,,,,,,False,False
2306.01632,0,article,2.679429531097412,0.115272045135498,0,2.6489133834838867,0.1169500350952148,0,3.0871798992156982,0.1160817146301269,0,2.5846762657165527,0.170447826385498,,,,,,,False,False
2306.00327,0,amsart,4.8397321701049805,0.1172816753387451,0,4.941092014312744,0.1699886322021484,0,4.942671298980713,0.1156468391418457,0,4.341612339019775,0.1157360076904296,,,,,,,True,True
2306.00139,0,revtex4-1,23.157326221466064,0.1174898147583007,0,24.52773785591125,0.1168277263641357,0,24.569329500198364,0.1689140796661377,0,20.43820548057556,0.1682822704315185,,,,,,,True,True
2306.00337,0,revtex4-2,17.95510983467102,0.1683158874511718,0,18.26083540916443,0.1159965991973877,0,19.775535821914676,0.1672582626342773,0,15.726447105407717,0.2285358905792236,,,,,,,False,False
2306.0026,0,amsart,8.168465375900269,0.1165840625762939,0,8.814899921417236,0.1160581111907959,0,9.03389573097229,0.1722733974456787,0,6.00323224067688,0.1677517890930175,,,,,,,True,True
2306.00415,0,ieeecolor,8.410037279129028,0.1156415939331054,0,9.230735540390016,0.166644811630249,0,9.215425252914429,0.1154460906982421,0,7.872831583023071,0.1699671745300293,,,,,,,False,False
2306.13656,0,aastex631,10.42593502998352,0.1170575618743896,0,17.57999610900879,0.2694144248962402,0,11.182890176773071,0.1168091297149658,0,7.885558843612671,0.1695122718811035,,,,,,,False,False
2306.03416,0,cas-sc,17.679065465927124,0.170973539352417,0,35.571056842803955,0.2689759731292724,12,18.59637427330017,0.2201974391937255,0,13.555459976196287,0.1678957939147949,,,,,,,False,False
2306.00264,0,sagej,25.06223154067993,0.1741731166839599,0,42.92088770866394,0.1676793098449707,0,26.570167303085327,0.1671700477600097,0,21.315677404403687,0.2228150367736816,,,,,,,True,True
2306.00563,0,IEEEtran,12.73617434501648,0.1711659431457519,0,21.09687757492065,0.2179274559020996,12,13.635192632675173,0.2171990871429443,0,8.46821665763855,0.1671168804168701,,,,,,,True,True
2306.06728,12,article,10.58525037765503,12.095788478851318,12,17.431566953659058,17.4144287109375,12,11.390202760696411,0.1673705577850341,12,12.250851154327393,0.1682207584381103,,,,,,,False,False
2306.02188,0,amsart,11.680018424987791,0.1671729087829589,0,21.23774480819702,0.1670126914978027,0,12.7490816116333,0.1696290969848632,0,8.472414493560791,0.1685986518859863,,,,,,,False,False
2306.00057,0,revtex4-1,13.701069116592407,0.1675295829772949,0,21.679345846176147,0.2194380760192871,0,14.625335216522217,0.1725413799285888,0,10.691983222961426,0.1686134338378906,,,,,,,True,True
2306.01017,0,revtex4-2,3.0331411361694336,0.1159398555755615,0,4.735263824462891,0.219332218170166,0,3.436795711517334,0.1156947612762451,0,2.887794256210327,0.1726353168487548,,,,,,,True,False
2306.0075,0,article,28.09535217285156,0.1173231601715087,0,43.70973324775696,0.1673347949981689,0,29.19885873794556,0.1732404232025146,0,24.338257789611816,0.171877384185791,,,,,,,False,False
2306.01793,0,article,14.812735080718994,0.1174907684326171,0,24.034124612808228,0.1677665710449218,0,15.968126773834229,0.1237936019897461,0,14.797546625137327,0.1685597896575927,,,,,,,False,False
2306.00274,0,article,33.323423862457275,0.1703584194183349,0,48.16695713996887,0.2197942733764648,0,34.023099422454834,0.1739733219146728,0,31.72644519805908,0.1687078475952148,,,,,,,False,False
2306.00179,12,macro/neu_msthesis,22.449705600738525,0.2693495750427246,0,116.65860652923584,0.1667561531066894,0,101.38697242736816,0.1684248447418213,0,99.70563292503356,0.1701776981353759,,,,,,,False,False
2306.00599,0,amsart,16.67414617538452,0.1749916076660156,0,17.936300039291382,0.1159825325012207,12,11.481956720352173,0.2180685997009277,0,7.86758017539978,0.1668643951416015,,,,,,,False,False
2306.00506,0,revtex4-2,16.361069440841675,0.1728825569152832,0,15.682536363601685,0.1684985160827636,12,10.92463207244873,0.1658976078033447,0,8.546221017837524,0.1705250740051269,,,,,,,False,False
2306.00345,0,revtex4-2,7.772935628890991,0.1720063686370849,0,8.182183027267456,0.1678693294525146,12,8.059643507003784,0.1666297912597656,0,5.413752794265747,0.1699004173278808,,,,,,,False,False
2306.01797,0,llncs,6.106626749038696,5.856350660324097,0,18.4258725643158,0.1160173416137695,0,18.49284648895264,0.1709005832672119,0,11.298933029174805,0.1695928573608398,,,,,,,False,False
2306.00041,0,IEEEtran,4.43992805480957,0.1161520481109619,0,4.588149070739746,0.1173529624938964,0,4.590690612792969,0.1166853904724121,0,3.7384774684906006,0.1159803867340087,,,,,,,True,True
2306.14506,0,article,6.299277305603027,0.1159274578094482,0,6.618674755096436,0.1155061721801757,0,7.003798484802246,0.1666314601898193,0,4.5558180809021,0.1671836376190185,,,,,,,False,False
2306.01085,0,elsarticle,121.6311330795288,0.1677968502044677,0,126.87104773521423,0.167311429977417,12,127.8862807750702,0.2205016613006591,0,107.73599290847778,0.1682062149047851,,,,,,,True,True
2306.00101,0,article,2.632735252380371,0.1161532402038574,0,2.7314109802246094,0.1176133155822753,0,3.1430695056915283,0.2291102409362793,0,2.93818473815918,0.1742579936981201,,,,,,,True,True
2306.00244,0,IEEEtran,10.723041534423828,0.1699092388153076,0,11.429952383041382,0.1713366508483886,0,12.042203664779665,0.166513442993164,0,7.111745834350586,0.169612169265747,,,,,,,False,False
2306.01569,0,article,16.341025829315186,0.173614501953125,0,16.725210666656494,0.1163547039031982,0,19.62425374984741,0.1664073467254638,0,12.560415506362917,0.1696629524230957,,,,,,,False,False
2306.01353,0,elsarticle,13.244564771652222,0.1712794303894043,0,9.166234970092772,0.1674702167510986,12,14.769207954406738,0.2171206474304199,0,8.676995277404785,0.1718878746032714,,,,,,,True,True
2306.02169,0,agujournal2019,19.33119225502014,0.1666421890258789,0,16.78933095932007,0.1726725101470947,0,18.347187995910645,0.1740450859069824,0,14.496080160140991,0.1737070083618164,,,,,,,True,True
2306.00533,0,amsart,7.5132410526275635,0.1168274879455566,0,6.756196737289429,0.1669621467590332,0,6.65090274810791,0.1162562370300293,0,4.143155336380005,0.1669986248016357,,,,,,,True,True
2306.01863,0,nature,18.568979263305664,0.1682031154632568,0,16.069201707839966,0.1163849830627441,0,16.61621618270874,0.1160995960235595,0,11.636809825897217,0.1690723896026611,,,,,,,True,True
2306.00562,0,amsart,7.519638776779175,0.1754369735717773,0,6.411622762680054,0.1698870658874511,0,6.666291952133179,0.1165943145751953,0,4.544437885284424,0.1682245731353759,,,,,,,False,False
2306.01092,0,IEEEtran,138.33572268486023,0.3919742107391357,0,141.9817292690277,0.1672282218933105,0,97.75616812705994,0.1678087711334228,0,75.9344871044159,0.1696670055389404,,,,,,,False,False
2306.0001,0,article,26.108619689941406,0.2244255542755127,0,25.45868134498596,0.2194678783416748,0,18.008692264556885,0.1163291931152343,0,12.562570095062256,0.1707687377929687,,,,,,,True,True
2306.00072,0,revtex4-2,18.209383487701416,0.1677649021148681,0,17.41888117790222,0.1670508384704589,0,12.50691056251526,0.1688134670257568,0,8.288220167160034,0.1693124771118164,,,,,,,True,True
2306.00215,12,amsart,7.717554330825806,7.159982919692993,0,20.271697998046875,0.2174417972564697,12,10.0203595161438,0.2204048633575439,0,6.961784839630127,0.1670782566070556,,,,,,,True,True
2306.0012,0,vgtc,42.24880647659302,0.166839599609375,0,29.63306951522827,0.2178671360015869,0,18.54433298110962,0.1707117557525634,0,12.9462571144104,0.170236587524414,,,,,,,False,False
2306.00453,0,article,46.404271602630615,0.2721233367919922,0,46.45155811309815,0.1676816940307617,0,30.017672777175903,0.1702461242675781,0,22.449707746505737,0.1670184135437011,,,,,,,False,False
2306.00091,0,article,24.78589963912964,0.1757526397705078,0,36.43569779396057,0.2189569473266601,0,25.165344715118408,0.1705734729766845,0,15.631158351898192,0.1723406314849853,,,,,,,False,False
2306.00886,0,lipics-v2021,21.657787322998047,0.1686713695526123,0,34.827287673950195,0.2683753967285156,12,21.551066160202023,0.21700119972229,0,13.448298692703249,0.2176716327667236,,,,,,,False,False
2306.00718,0,elsarticle,18.03482699394226,0.1163611412048339,0,27.18904423713684,0.1670675277709961,0,20.097688913345337,0.1172094345092773,0,13.356362342834473,0.1706902980804443,,,,,,,True,True
2306.01127,0,amsart,21.898961544036865,0.1741194725036621,0,32.495893239974976,0.1671476364135742,0,23.414592504501343,0.1682915687561035,0,15.583135843276978,0.1716501712799072,,,,,,,False,False
2306.00431,0,lipics-v2021,25.225939512252808,0.1732926368713379,0,39.59434461593628,0.2696106433868408,0,25.958781480789185,0.1696510314941406,0,16.732051849365234,0.1723537445068359,,,,,,,False,False
2306.00003,12,jmlr,8.267871618270874,8.087674856185913,12,11.692414045333862,12.184631109237673,12,9.07699179649353,0.2179105281829834,12,2.744093894958496,0.1736326217651367,,,,,,,False,False
2306.09408,0,revtex4-1,8.523762702941895,0.1184606552124023,0,8.668514966964722,0.1162047386169433,0,9.47580909729004,0.169325590133667,0,6.572024583816528,0.1710026264190673,,,,,,,False,False
2306.00096,0,article,20.74969792366028,0.1179795265197753,0,22.308602571487427,0.170236587524414,0,25.99805784225464,0.1694784164428711,0,15.413711786270142,0.1740913391113281,,,,,,,False,False
2306.08421,0,article,12.249883651733398,0.1185250282287597,0,12.385657787322998,0.1683530807495117,12,14.372000455856323,0.1661005020141601,0,8.032112836837769,0.1682112216949463,,,,,,,True,False
2306.00001,0,IEEEtran,14.063309669494627,0.116335391998291,0,13.959858655929564,0.1709644794464111,0,15.353226661682127,0.218177318572998,0,10.698853254318236,0.2706339359283447,,,,,,,False,True
2306.01967,0,article,20.78536629676819,0.1162893772125244,0,22.08629059791565,0.1163158416748046,0,24.57943320274353,0.1719245910644531,0,15.88565468788147,0.1684591770172119,,,,,,,False,False
2306.00184,0,siamltex,51.43882155418396,0.1166224479675293,0,54.08306694030762,0.1162185668945312,0,55.776482820510864,0.1760590076446533,0,77.01654314994812,0.1689608097076416,,,,,,,True,True
2306.03696,0,revtex4-2,12.41698956489563,11.80950093269348,12,13.072504043579102,13.065895795822144,12,12.549726724624634,0.168039321899414,12,10.756198167800903,0.1685876846313476,,,,,,,False,False
2306.16589,0,acmart,23.91465377807617,0.1748559474945068,0,24.17100763320923,0.1703939437866211,0,23.91486549377441,0.1153488159179687,12,5.254240036010742,5.3515918254852295,,,,,,,True,False
2306.03399,0,wlscirep,10.474042415618896,0.1692421436309814,0,11.17871379852295,0.1661019325256347,12,11.900626182556152,0.2169315814971923,0,6.954849720001221,0.1686084270477295,,,,,,,False,False
2306.00903,0,amsart,15.956800937652588,0.1736314296722412,0,17.173312425613403,0.1668167114257812,12,17.160119771957397,0.21946382522583,0,11.335753679275513,0.1720623970031738,,,,,,,False,False
2306.01508,0,amsart,11.902458906173706,0.1765594482421875,0,13.038739204406738,0.1679165363311767,0,13.508206129074097,0.1162717342376709,0,10.478727102279665,0.1738362312316894,,,,,,,False,False
2306.02156,0,IEEEtran,18.658438444137573,0.166635513305664,0,20.05158114433289,0.169020414352417,12,19.63270878791809,0.2203516960144043,0,12.905801773071287,0.169891357421875,,,,,,,False,False
2306.00062,0,revtex4-1,6.198873996734619,0.1162209510803222,0,10.478314876556396,0.1163291931152343,0,9.938185691833496,0.1165862083435058,0,6.421280384063721,0.1667501926422119,,,,,,,False,False
2306.00165,0,jfm,13.186375617980955,0.1171236038208007,0,13.754452466964722,0.1688032150268554,0,13.98338007926941,0.1162271499633789,0,9.169979333877563,0.1734786033630371,,,,,,,False,False
2306.01791,0,sn-jnl,10.99566102027893,0.1156105995178222,0,12.660710334777832,0.1692392826080322,0,11.179259300231934,0.1700773239135742,0,7.722246646881103,0.1774795055389404,,,,,,,False,False
2306.01691,12,acmart,8.76686692237854,9.379189252853394,0,35.58554124832153,0.1159954071044921,0,38.041583776474,0.1679866313934326,0,26.437041521072388,0.1704540252685547,,,,,,,False,False
2306.00557,0,article,13.568459749221802,0.1166558265686035,0,14.1087007522583,0.1163163185119628,0,15.321183443069458,0.1166226863861084,0,11.381182670593262,0.166527509689331,,,,,,,True,True
2306.07013,0,ecai,23.335824012756348,0.1194386482238769,0,24.54223394393921,0.1162240505218505,0,25.910365343093872,0.1703176498413086,0,20.793636083602905,0.1749866008758545,,,,,,,False,False
2306.0396,0,article,16.932002305984497,0.1732213497161865,0,18.0360164642334,0.1699361801147461,12,20.35423707962036,0.217332124710083,0,12.144241333007812,0.16951584815979,,,,,,,False,False
2306.01803,0,revtex4-1,27.91818261146545,0.1672358512878418,0,22.79513907432556,0.1156857013702392,0,24.922693014144897,0.1163246631622314,0,21.510674953460693,0.1720309257507324,,,,,,,False,False
2306.10905,0,revtex4,14.161953926086426,0.2681672573089599,0,7.256482362747192,0.1164126396179199,0,7.307493209838867,0.1177253723144531,0,5.852023363113403,0.1713919639587402,,,,,,,True,True
2306.00131,0,mnras,27.475528240203857,0.166933536529541,0,15.970882177352903,0.1168129444122314,0,16.80693554878235,0.1166236400604248,0,12.003787994384766,0.1697630882263183,,,,,,,False,False
2306.00155,0,amsart,18.77338194847107,0.1677281856536865,0,11.88052248954773,0.1702437400817871,0,12.851603507995604,0.1692228317260742,0,8.216443538665771,0.168508768081665,,,,,,,False,False
2306.00161,12,cup-journal,10.53961443901062,13.621931552886965,0,29.05224609375,0.1165101528167724,0,38.84397602081299,0.1680700778961181,0,21.727022171020508,0.1700975894927978,,,,,,,True,False
2306.00205,0,elsarticle,18.609631538391117,0.2216508388519287,0,11.74654221534729,0.1170921325683593,0,13.759903192520142,0.1162567138671875,0,9.930728197097778,0.1681892871856689,,,,,,,False,False
2306.00581,0,article,17.859217882156372,0.1675865650177002,0,11.744149446487429,0.1155986785888671,0,12.238303422927856,0.1167833805084228,0,8.778866052627563,0.1721243858337402,,,,,,,False,False
2306.00691,0,revtex4-2,37.5863082408905,0.2199628353118896,0,24.312392711639404,0.1160342693328857,0,24.48391556739807,0.1692430973052978,0,21.56766366958618,0.1680495738983154,,,,,,,False,False
2306.00456,0,CUP-JNL-JMJ,12.212675094604492,0.1669099330902099,0,8.260745525360107,0.1713922023773193,0,8.714031219482422,0.1167469024658203,0,4.745924472808838,0.1739883422851562,,,,,,,True,True
2306.03275,0,revtex4-2,9.579095602035522,0.2179203033447265,0,6.608539819717407,0.1708588600158691,12,6.711372137069702,0.2239363193511963,0,5.608537435531616,0.1672472953796386,,,,,,,False,False
2306.00133,0,article,13.07274889945984,0.1679456233978271,0,8.581340789794922,0.1697425842285156,0,9.188793420791626,0.1187465190887451,0,5.910948753356934,0.1749868392944336,,,,,,,True,True
2306.00126,0,article,36.51578569412232,0.1670095920562744,0,31.332610607147217,0.1692779064178466,0,31.94091010093689,0.1718170642852783,0,25.57491517066956,0.1757700443267822,,,,,,,False,False
2306.00927,0,article,128.93447351455688,0.1680190563201904,0,98.30804181098938,0.1680867671966552,0,105.1324553489685,0.1667084693908691,0,94.33672142028809,0.1701667308807373,,,,,,,False,False
2306.00621,0,article,32.33414149284363,0.1673698425292968,0,24.265679121017456,0.1167564392089843,0,25.61209273338318,0.1704583168029785,0,17.734787940979004,0.1685233116149902,,,,,,,True,True
2306.00181,0,article,34.34050154685974,0.1676802635192871,0,31.77800679206848,0.1684927940368652,0,25.274483680725098,0.1714894771575927,0,18.799413681030277,0.1682898998260498,,,,,,,False,False
2306.03395,12,acmart,10.707530975341797,11.14824628829956,12,13.0546395778656,10.122796297073364,12,7.60812497138977,0.1700117588043213,12,6.260314702987671,0.219470739364624,,,,,,,False,False
2306.03888,0,amsart,19.446128845214844,0.1683039665222168,0,18.02400851249695,0.1679937839508056,0,15.571398258209229,0.1173212528228759,0,12.88210129737854,0.1782648563385009,,,,,,,True,True
2306.00224,0,revtex4-2,10.728788375854492,0.1683681011199951,0,10.384296655654907,0.1716110706329345,0,5.795817852020264,0.1159508228302002,0,4.850212097167969,0.1169314384460449,,,,,,,False,False
2306.00034,0,book,59.45408582687378,0.1679191589355468,0,36.83384585380554,0.1668856143951416,0,32.65123152732849,0.1693682670593261,0,28.25779867172241,0.1706719398498535,,,,,,,False,False
2306.00193,0,revtex4-1,14.496283531188965,0.1161725521087646,0,14.81240200996399,0.1724505424499511,0,13.324295043945312,0.1740469932556152,0,9.579321384429932,0.1718068122863769,,,,,,,True,True
2306.00844,0,IEEEtran,10.440612077713013,0.1163749694824218,0,12.019597291946411,0.1689670085906982,0,10.680423974990845,0.1718842983245849,0,8.221717119216919,0.1688933372497558,,,,,,,True,True
2306.00403,0,cas-dc,37.41831398010254,0.1717822551727295,0,42.76975631713867,0.1688401699066162,0,34.63835859298706,0.1164600849151611,0,28.23377799987793,0.1707816123962402,,,,,,,True,True
2306.04209,12,revtex4-1,5.648474216461182,7.184293031692505,12,6.350691080093384,6.222254276275635,12,5.349313259124756,0.1709439754486084,12,3.689375877380371,0.1725039482116699,,,,,,,False,False
2306.01284,0,article,27.780175924301147,0.1158971786499023,0,31.19393253326416,0.1699867248535156,0,26.988553762435917,0.1719622611999511,0,20.04159116744995,0.1688003540039062,,,,,,,False,False
2306.01372,0,amsart,14.972184658050535,0.1721677780151367,0,16.471120595932007,0.1685774326324463,0,14.224108695983888,0.1157302856445312,0,12.316921949386597,0.1743471622467041,,,,,,,False,False
2306.00286,0,IEEEtran,60.726659536361694,0.1662569046020507,0,42.47087073326111,0.2144067287445068,0,37.28221011161804,0.1678707599639892,0,30.373202085494995,0.1701924800872802,,,,,,,False,False
2306.01179,0,svproc,15.102125883102415,0.1162338256835937,0,15.233837604522703,0.1710045337677002,0,14.345723152160645,0.116119384765625,0,11.24148678779602,0.2186610698699951,,,,,,,False,False
2306.00373,0,amsart,12.298097133636476,0.1667988300323486,0,12.56813907623291,0.167579174041748,12,10.94232940673828,0.2183718681335449,0,8.292965650558472,0.1690428256988525,,,,,,,False,False
2306.01402,0,revtex4-2,15.763262510299684,0.1706547737121582,0,15.958866596221924,0.1664960384368896,12,14.044573783874512,0.1664416790008545,0,12.065664291381836,0.1749324798583984,,,,,,,False,False
2306.00178,0,article,26.83753967285156,0.1709237098693847,0,28.656513214111328,0.1811914443969726,12,23.430259466171265,0.2208924293518066,0,19.98890709877014,0.1770808696746826,,,,,,,False,False
2306.02136,0,article,11.394781112670898,0.1172797679901123,0,13.072287559509276,0.1188385486602783,0,11.78433084487915,0.1709396839141845,0,9.50253176689148,0.1693325042724609,,,,,,,False,False
2306.00053,0,SciPost,20.580053329467773,0.3215923309326172,0,21.40288519859314,0.2191295623779297,12,18.863674879074097,0.2162864208221435,0,13.455594539642334,0.1663103103637695,,,,,,,False,False
2306.09186,0,article,26.57369470596313,0.1669089794158935,0,22.694926261901852,0.1714179515838623,0,19.495860815048218,0.1163051128387451,0,13.86764645576477,0.1708121299743652,,,,,,,False,False
2306.00048,0,revtex4-2,15.380040884017944,0.168196439743042,0,16.061253786087036,0.1700079441070556,0,13.650532007217407,0.1683077812194824,0,10.441155195236206,0.1681480407714843,,,,,,,False,False
2306.15291,0,article,7.672167062759399,0.1189994812011718,0,8.114956855773926,0.1709086894989013,0,7.05528998374939,0.1156718730926513,0,6.05640983581543,0.1688776016235351,,,,,,,True,True
2306.00054,0,revtex4-2,10.020723581314089,0.1676423549652099,0,12.25781774520874,0.1687195301055908,12,10.64827585220337,0.1668136119842529,0,8.030974388122559,0.1707484722137451,,,,,,,False,False
2306.0088,12,,0.5202937126159668,0.5217654705047607,12,0.5728597640991211,0.5886447429656982,12,0.6198019981384277,0.1164338588714599,12,0.6218869686126709,0.1708152294158935,,,,,,,False,False
2306.10503,12,IEEEtran,3.8508243560791016,3.834532022476196,12,4.140569448471069,3.957630634307861,12,3.8874573707580566,0.1700162887573242,12,3.0011796951293945,0.1685845851898193,,,,,,,True,False
2306.00076,0,mnras,19.068077564239506,0.1159124374389648,0,19.842957973480225,0.1172840595245361,0,17.816728591918945,0.170969009399414,0,13.096832990646362,0.1678171157836914,,,,,,,False,False
2306.00043,0,sn-jnl,15.470958471298218,0.1738357543945312,0,16.197552919387817,0.1757392883300781,0,14.038875818252563,0.1738274097442627,0,11.231781005859377,0.1683075428009033,,,,,,,True,True
2306.00163,0,aa,11.884917497634888,23.314434051513672,0,12.502118110656738,24.11744260787964,12,11.335206747055054,0.2265267372131347,12,9.999503374099731,0.1767578125,,,,,,,False,False
2306.02303,0,article,29.348644018173218,0.1669445037841797,0,32.271262407302856,0.1672461032867431,0,33.370534896850586,0.1713912487030029,0,20.351256608963013,0.1683354377746582,,,,,,,False,False
2306.00661,0,amsart,7.162518739700317,0.1693713665008545,0,6.658924102783203,0.1771724224090576,0,6.355180501937866,0.1684236526489257,0,3.7585606575012207,0.1693003177642822,,,,,,,True,True
2306.16346,0,article,20.75750851631165,0.115746259689331,0,20.91448855400085,0.1743497848510742,0,19.22201538085937,0.1715970039367675,0,13.456602811813354,0.1768960952758789,,,,,,,False,False
2306.01799,12,article,5.895493984222412,5.496840476989746,12,6.034985065460205,5.701880216598511,12,5.315339088439941,0.2182531356811523,12,3.7406415939331055,0.1680970191955566,,,,,,,False,False
2306.00008,0,article,27.647947072982788,0.1684186458587646,0,29.64080810546875,0.1706836223602295,0,27.016806602478027,0.172290563583374,0,17.289794206619263,0.1733205318450927,,,,,,,False,False
2306.02033,0,revtex4-2,17.860693216323853,0.1710700988769531,0,18.900763273239136,0.1704959869384765,0,17.14436101913452,0.1160116195678711,0,13.223992824554443,0.1673521995544433,,,,,,,False,False
2306.01544,0,article,20.662814378738403,0.2187738418579101,0,20.79185962677002,0.1682429313659668,12,19.791404485702515,0.2169327735900879,0,14.22817087173462,0.175215482711792,,,,,,,False,False
2306.00916,0,amsart,12.788602113723757,0.1684012413024902,0,13.220432996749878,0.167933702468872,12,12.592066049575806,0.2201426029205322,0,9.834565162658691,0.2330272197723388,,,,,,,False,False
2306.06151,0,opticajnl,17.521889448165894,0.1668086051940918,0,19.41321420669556,0.1698987483978271,0,17.827012300491333,0.1161336898803711,0,11.08874773979187,0.1680123805999755,,,,,,,False,False
2306.00372,0,IEEEtran,22.5130307674408,0.1673841476440429,0,22.0173122882843,0.1747128963470459,0,21.181787967681885,0.166283369064331,0,14.731053829193115,0.1700363159179687,,,,,,,True,False
2306.0575,12,article,2.581312656402588,2.3436996936798096,0,9.511715412139893,0.1181104183197021,0,6.624706983566284,0.1162300109863281,0,4.492655754089356,0.1670546531677246,,,,,,,False,False
2306.0049,12,iopart,0.3669235706329345,0.3711972236633301,12,0.3682515621185303,0.3739564418792724,12,0.5204107761383057,0.1686761379241943,12,0.4690968990325928,0.1705360412597656,,,,,,,False,False
2306.0006,0,mnras,14.40151858329773,0.1709206104278564,0,14.587208271026611,0.1667122840881347,12,16.706601858139038,0.2681090831756592,0,11.346228122711182,0.169680118560791,,,,,,,False,False
2306.00279,12,IEEEtran,3.890681505203247,3.588366270065308,12,3.962657928466797,3.844978094100952,12,3.8896498680114746,0.1678805351257324,12,2.986114740371704,0.1431376934051513,,,,,,,True,False
2306.0059,0,amsart,7.570950508117676,0.1157066822052002,0,8.227633953094482,0.1162302494049072,0,8.380906105041504,0.1158103942871093,0,4.504429340362549,0.1774938106536865,,,,,,,True,True
2306.00343,0,IEEEtran,4.589842081069946,0.1167876720428466,0,5.2969396114349365,0.1168384552001953,0,5.297832489013672,0.1704175472259521,0,3.548128843307495,0.1733286380767822,,,,,,,True,True
2306.122,0,elsarticle,23.9119246006012,0.1168735027313232,0,17.287737131118774,0.1675279140472412,0,24.030797004699707,0.1165940761566162,0,18.85823893547058,0.171055793762207,,,,,,,True,True
2306.02062,0,IEEEtran,11.38880705833435,0.1158263683319091,0,13.086674451828005,0.1680514812469482,0,11.829971551895142,0.1155474185943603,0,7.526986837387085,0.1726095676422119,,,,,,,True,True
2306.01308,0,revtex4,6.811379909515381,0.1162147521972656,0,7.673485994338989,0.1768765449523925,0,7.205811738967895,0.1166508197784423,0,5.906148195266724,0.1741285324096679,,,,,,,False,False
2306.00371,12,article,3.5350887775421143,0.219510793685913,0,7.491664171218872,0.167201280593872,0,7.196340560913086,0.1671547889709472,0,4.251482725143433,0.1705596446990966,,,,,,,False,False
2306.0174,0,elsarticle,21.60311484336853,0.1160728931427002,0,22.00367259979248,0.1697187423706054,0,20.446733236312863,0.1155321598052978,0,14.22668719291687,0.1674320697784423,,,,,,,False,False
2306.01592,0,article,5.549725294113159,0.1700916290283203,0,5.836978435516357,0.1163139343261718,0,5.851564168930054,0.116579532623291,0,4.141538381576538,0.2209537029266357,,,,,,,True,True
2306.00883,0,revtex4-1,20.78189706802368,0.1690239906311035,0,21.299105644226078,0.167004108428955,0,18.986820697784424,0.1709725856781005,0,12.453133821487429,0.1701498031616211,,,,,,,False,False
2306.0019,0,ceurart,23.065312147140503,0.1162374019622802,0,28.585711002349854,0.1673595905303955,0,23.4692804813385,0.1159639358520507,0,16.551445245742798,0.1697258949279785,,,,,,,False,False
2306.00203,12,INTERSPEECH2023,4.441083669662476,0.2711300849914551,12,4.760716438293457,0.2725582122802734,0,13.237884283065796,0.1685154438018798,0,8.67337679862976,0.1701972484588623,,,,,,,True,False
2306.0192,0,article,23.405582189559937,0.1154589653015136,0,27.01514720916748,0.1694810390472412,0,26.12913727760315,0.1159241199493408,0,16.983007431030273,0.1695141792297363,,,,,,,False,False
2306.05701,12,acmart,11.029341697692873,12.754332780838013,0,35.03823804855347,0.1668593883514404,0,30.149588108062744,0.1674427986145019,0,20.243094205856323,0.1697995662689209,,,,,,,False,False
2306.03987,0,article,10.591522216796877,0.1165111064910888,0,10.226933240890505,0.1166236400604248,0,10.741639137268066,0.1158721446990966,0,7.714213371276855,0.1696128845214843,,,,,,,False,False
2306.01838,0,article,18.90939235687256,0.2204368114471435,0,16.811826467514038,0.2219502925872802,12,15.555089712142944,0.2717070579528808,0,10.14845609664917,0.2229311466217041,,,,,,,False,False
2306.0443,0,article,4.339326620101929,0.0812010765075683,0,5.052790403366089,0.1719646453857422,0,4.699095010757446,0.119133710861206,0,3.5979273319244385,0.1720845699310302,,,,,,,False,False
2306.00331,0,INTERSPEECH2023,13.240966796875,0.1158130168914794,0,14.922037601470947,0.1694555282592773,12,12.402711629867554,0.2218918800354004,0,7.663438558578491,0.1743068695068359,,,,,,,False,False
2306.10048,0,acmart,52.5105926990509,0.1692113876342773,0,58.8691942691803,0.1788556575775146,0,51.98910164833069,0.1680247783660888,12,10.96832513809204,11.763047933578491,,,,,,,False,False
2306.02692,0,article,31.29204750061035,0.1160244941711425,0,34.75056076049805,0.1665771007537841,0,31.211904287338257,0.1680171489715576,0,26.91454291343689,0.1700623035430908,,,,,,,False,False
2306.00145,0,article,52.85138201713562,0.1721820831298828,0,63.97317457199097,0.1670279502868652,0,55.68257665634155,0.1690602302551269,0,49.36021113395691,0.169741153717041,,,,,,,False,False
2306.00268,0,article,36.31425476074219,0.1697456836700439,0,36.03512167930603,0.1695845127105713,0,33.21857047080994,0.1163666248321533,0,24.835139989852905,0.1693484783172607,,,,,,,False,False
2306.00575,0,acmart,14.846278429031372,0.167842149734497,0,15.2267906665802,0.1659693717956543,12,14.307784795761108,0.1659340858459472,0,11.56074357032776,0.16752290725708,,,,,,,False,False
2306.00631,0,amsart,9.842366695404053,0.168241262435913,0,10.089570999145508,0.1693568229675293,12,9.778022527694702,0.2200245857238769,0,6.208014965057373,0.1723787784576416,,,,,,,False,False
2306.009,0,revtex4-1,14.096427917480469,0.1171460151672363,0,14.153827905654907,0.1747274398803711,0,14.209494590759276,0.1707649230957031,0,8.420459270477295,0.1669702529907226,,,,,,,False,False
2306.00004,0,llncs,20.04269051551819,0.1675350666046142,0,21.48231148719788,0.1740949153900146,0,21.440961599349976,0.1699793338775634,0,14.279995679855348,0.1700053215026855,,,,,,,False,False
2306.00147,12,IEEEtran,13.207297801971436,12.158716917037964,12,13.16868281364441,13.117039680480955,12,12.415315866470335,0.1166000366210937,12,12.320311546325684,0.1707589626312255,,,,,,,True,False
2306.00167,0,wiley-article,25.961186170578003,0.2240254878997802,0,25.56703400611877,0.1667189598083496,0,24.82358717918396,0.1664779186248779,0,14.669782638549805,0.1746609210968017,,,,,,,False,False
2306.00056,12,revtex4-2,5.980622291564941,5.0661985874176025,12,4.965466737747192,4.947885990142822,12,5.647274255752564,0.1690120697021484,12,3.185059070587158,0.1728570461273193,,,,,,,False,False
2306.03855,0,acmart,26.32072687149048,0.1698734760284423,0,25.75483226776123,0.1690020561218261,0,24.68725609779358,0.1674284934997558,0,16.82038378715515,0.1712284088134765,,,,,,,False,False
2306.00921,12,revtex4-2,12.836108922958374,5.914400577545166,12,11.29107904434204,5.770835638046265,12,10.830748796463013,0.1156270503997802,12,9.0450541973114,0.181150197982788,,,,,,,True,False
2306.01629,0,revtex4,5.160329580307007,0.1184465885162353,0,5.250160455703735,0.1158676147460937,0,4.840654850006104,0.1161468029022216,0,3.589884996414185,0.172842264175415,,,,,,,False,False
2306.12056,0,article,18.31452417373657,0.116694688796997,0,22.383150100708008,0.1668667793273925,0,18.887880086898804,0.1681687831878662,0,13.661208868026732,0.1722843647003173,,,,,,,True,False
2306.00767,0,sn-jnl,16.723539113998413,0.1160705089569091,0,21.071316242218018,0.1699397563934326,0,16.255753993988037,0.1685371398925781,0,10.599833488464355,0.1726303100585937,,,,,,,True,True
2306.00025,12,acmart,12.443200588226318,12.60667634010315,12,16.625062704086304,14.416054725646973,12,12.51168727874756,0.1712949275970459,12,9.427129745483398,0.3740954399108886,,,,,,,False,False
2306.00512,0,revtex4-1,11.079855680465698,0.1178734302520752,0,12.664584875106812,0.1738157272338867,0,12.13744854927063,0.1667201519012451,0,9.67762565612793,0.1750426292419433,,,,,,,True,True
2306.0013,0,elsarticle,9.612569332122805,0.1172702312469482,0,9.660825729370115,0.1661152839660644,0,9.34032678604126,0.1169300079345703,0,6.054336309432983,0.1794002056121826,,,,,,,True,True
2306.00994,12,revtex4-1,3.792032480239868,3.4869256019592285,12,3.926635980606079,3.6457345485687256,12,3.8372106552124015,0.1163811683654785,12,3.365130424499512,0.1724231243133545,,,,,,,False,False
2306.00442,0,IEEEtran,14.369705200195312,0.1670513153076172,0,15.215877771377563,0.2207415103912353,12,13.447449684143066,0.217799425125122,0,9.075010061264038,0.1697990894317627,,,,,,,False,False
2306.00679,0,amsart,11.742885112762451,0.1732354164123535,0,11.903279304504396,0.1782305240631103,0,11.191832542419434,0.1162507534027099,0,7.766568660736084,0.1694216728210449,,,,,,,False,False
2306.00845,0,acmart,17.188291549682617,0.1711914539337158,0,15.820995330810549,0.1698641777038574,0,18.37748122215271,0.1663265228271484,12,5.1584789752960205,0.1674253940582275,,,,,,,False,False
2306.04271,0,acmart,15.305351495742798,0.1667466163635254,0,15.773272037506104,0.1664881706237793,12,14.218914985656738,0.2216393947601318,12,4.850606918334961,0.1678476333618164,,,,,,,False,False
2306.02925,0,article,11.96571135520935,0.1166555881500244,0,14.747735261917114,0.2288169860839843,0,11.2333664894104,0.1169488430023193,0,9.797845840454102,0.116391897201538,,,,,,,False,False
2306.00655,0,NST,11.526470422744753,0.1663508415222168,0,12.35843300819397,0.1717996597290039,12,11.0772442817688,0.2202558517456054,0,7.860059499740601,0.1697394847869873,,,,,,,True,True
2306.0034,12,revtex4-2,12.26058840751648,12.55655074119568,12,15.440090417861938,16.308184385299683,12,11.603455781936646,0.1161947250366211,12,9.903743028640749,0.1690995693206787,,,,,,,False,False
2306.00039,0,jpconf,8.062728643417358,0.1724379062652588,0,11.23326849937439,0.2246637344360351,12,8.590741157531738,0.2191114425659179,0,5.8179121017456055,0.1678221225738525,,,,,,,True,True
2306.01663,0,amsart,10.137531757354736,0.1677370071411132,0,10.143927812576294,0.1705272197723388,12,10.541770935058594,0.1660676002502441,0,6.308865785598755,0.1680166721343994,,,,,,,True,True
2306.00334,0,amsart,9.181748867034912,0.1683290004730224,0,7.181448221206665,0.1166348457336425,0,7.355918645858765,0.1703805923461914,0,5.197726011276245,0.170048713684082,,,,,,,False,False
2306.00397,0,amsart,13.193851947784424,0.1167645454406738,0,16.631651878356934,0.168384313583374,0,13.490458488464355,0.1729977130889892,0,11.442402362823486,0.1695761680603027,,,,,,,False,False
2306.00678,12,revtex4-2,6.521302938461304,7.413100957870483,0,18.631518602371216,0.3655667304992676,12,12.447595596313477,0.2206883430480957,0,8.894073724746704,0.1702961921691894,,,,,,,False,False
2306.01825,0,amsart,9.214995861053469,0.2185578346252441,0,12.0004301071167,0.1678378582000732,0,8.158332824707031,0.1707656383514404,0,5.750478267669678,0.1684355735778808,,,,,,,False,False
2306.01063,0,amsart,29.97173476219177,0.380659818649292,0,41.14953351020813,0.1681606769561767,12,26.33029317855835,0.22003173828125,0,18.61327314376831,0.1658165454864502,,,,,,,True,True
2306.00702,0,article,12.313314199447632,0.1669423580169677,0,15.547265529632568,0.2195422649383545,12,9.9162278175354,0.1662871837615966,0,7.362359523773193,0.1675193309783935,,,,,,,False,False
2306.0349,0,llncs,21.242814779281616,0.1668601036071777,0,26.08423447608948,0.222059965133667,12,19.284701585769653,0.2701179981231689,0,16.754024744033813,0.1676065921783447,,,,,,,True,True
2306.07988,0,elsarticle,20.928334712982178,0.1174497604370117,0,25.638096570968628,0.1659064292907714,0,18.67129635810852,0.1162416934967041,0,14.075499534606934,0.1743144989013672,,,,,,,False,False
2306.05939,0,revtex4-2,12.955893516540527,0.1185016632080078,0,16.565681219100952,0.1709799766540527,0,12.544416904449465,0.1161837577819824,0,10.632606744766235,0.1714482307434082,,,,,,,True,True
2306.01965,0,revtex4-2,28.33359146118164,0.1715552806854248,0,36.904780864715576,0.1697936058044433,0,28.13922762870789,0.1170368194580078,0,22.89486312866211,0.1688642501831054,,,,,,,False,False
2306.07731,0,amsart,23.3627667427063,0.1160817146301269,0,30.9443154335022,0.1683309078216552,0,15.39446258544922,0.1158676147460937,0,12.339139699935911,0.168403148651123,,,,,,,False,False
2306.00002,0,elsarticle,20.65768146514893,0.166999340057373,0,22.3349883556366,0.1691079139709472,0,19.53632950782776,0.1169414520263671,0,11.654301643371582,0.1677272319793701,,,,,,,False,False
2306.00007,0,article,13.89223599433899,0.1191241741180419,0,15.900902032852173,0.1747579574584961,0,12.992159128189089,0.1733319759368896,0,9.625085592269896,0.167872667312622,,,,,,,False,False
2306.00308,0,article,24.177845001220703,0.1662054061889648,0,31.093021154403687,0.1706368923187255,0,21.75100255012512,0.1167888641357421,0,16.686524391174316,0.1681108474731445,,,,,,,False,False
2306.01192,0,elsarticle,21.976223707199097,0.1663269996643066,0,24.655750513076782,0.1669387817382812,0,18.64250373840332,0.1697828769683838,0,14.05561876296997,0.1686978340148925,,,,,,,False,False
2306.00981,0,revtex4-2,11.049214363098145,0.1662259101867675,0,12.9375102519989,0.1662003993988037,12,8.720303058624268,0.2219090461730957,0,6.411493301391602,0.1703228950500488,,,,,,,False,False
2306.00209,0,amsart,11.798047065734863,0.1717700958251953,0,17.0733425617218,0.1670129299163818,0,11.479937553405762,0.1158452033996582,0,8.555960655212402,0.1710734367370605,,,,,,,False,False
2306.00107,0,article,15.205803155899048,0.1694757938385009,0,19.0597186088562,0.2207775115966797,12,13.803077697753906,0.2168073654174804,0,10.331835985183716,0.1670417785644531,,,,,,,False,False
2306.01625,0,amsart,35.105753660202026,0.1673693656921386,0,57.97811651229858,0.1668944358825683,0,36.18464183807373,0.1671609878540039,0,35.679829120635986,0.1708195209503173,,,,,,,False,False
2306.00089,0,elsarticle,41.878551959991455,0.1708035469055175,0,54.640811920166016,0.1668236255645752,0,43.42564725875855,0.1163775920867919,0,35.967851400375366,0.1718466281890869,,,,,,,True,True
2306.00773,12,agujournal2019,6.104923248291016,5.086217403411865,12,6.523930549621582,6.588390588760376,12,5.248813629150391,0.1679053306579589,12,4.365434408187866,0.1725847721099853,,,,,,,True,False
2306.00388,0,mnras,50.489660024642944,0.1679091453552246,0,63.64387249946594,0.1702804565429687,0,49.86009478569031,0.1670923233032226,0,43.92305946350098,0.1668956279754638,,,,,,,False,False
2306.00073,0,revtex4-2,10.508811712265016,0.1694977283477783,0,10.92051911354065,0.168248176574707,12,9.440632343292236,0.2202177047729492,0,5.6568825244903564,0.1673097610473632,,,,,,,False,False
2306.00717,0,IEEEtran,17.879302740097046,0.1162686347961425,0,22.02341151237488,0.1662807464599609,0,17.513030767440796,0.1701984405517578,0,12.562519073486328,0.166727066040039,,,,,,,True,True
2306.00269,0,article,4.137908458709717,0.1160471439361572,0,4.863572359085083,0.1821882724761963,0,3.6856210231781006,0.1154482364654541,0,2.989668607711792,0.1768033504486084,,,,,,,True,False
2306.00216,0,amsart,12.762732982635498,0.170234203338623,0,13.394492149353027,0.1693396568298339,0,13.70315933227539,0.1686806678771972,0,5.9515228271484375,0.1705861091613769,,,,,,,False,False
2306.00296,0,article,12.146671056747437,0.1720461845397949,0,14.641519784927368,0.1681547164916992,0,16.732974767684937,0.1155197620391845,0,7.512015342712402,0.1679713726043701,,,,,,,False,False
2306.00681,0,IEEEtran,18.424553155899048,0.1736934185028076,0,21.50491499900818,0.1701929569244384,0,21.645140886306763,0.1686153411865234,0,11.264680862426758,0.1697793006896972,,,,,,,False,False
2306.01745,0,article,47.34215307235718,0.1170275211334228,0,42.09819149971008,0.1152520179748535,0,42.56091284751892,0.1709017753601074,0,32.226274728775024,0.169584035873413,,,,,,,False,False
2306.03822,12,article,4.539798736572266,4.187243223190308,0,73.17463397979736,0.173344612121582,0,64.79541659355164,0.1712276935577392,0,56.08036351203919,0.171860933303833,,,,,,,False,False
2306.13655,0,article,9.03337287902832,0.1184890270233154,0,9.269278049468994,0.1172935962677002,0,7.209063768386841,0.1662523746490478,0,4.4951012134552,0.1683728694915771,,,,,,,True,True
2306.05379,0,mhd,9.812593460083008,0.1160459518432617,0,8.945388555526733,0.118650197982788,0,8.815247774124146,0.1170623302459716,0,7.271503448486328,0.178215742111206,,,,,,,True,True
2306.00031,12,,0.7711639404296875,0.5223848819732666,12,0.6194031238555908,0.5700063705444336,12,0.8712737560272217,0.1161732673645019,12,0.875011682510376,0.1793477535247802,,,,,,,False,False
2306.00474,0,amsart,10.524219989776611,0.1156580448150634,0,10.880757093429564,0.1678032875061035,0,10.735862255096436,0.1730833053588867,0,6.762097120285034,0.1721541881561279,,,,,,,True,True
2306.06,0,article,12.645866632461548,0.1721224784851074,0,13.698225259780884,0.1701841354370117,0,13.041302919387816,0.1163709163665771,0,8.235098123550415,0.1712427139282226,,,,,,,True,True
2306.00235,0,article,18.378536701202396,0.1188278198242187,0,20.11618995666504,0.1710965633392334,0,11.698083400726318,0.1189742088317871,0,12.03787636756897,0.1697261333465576,,,,,,,True,True
2306.00045,0,article,57.11158776283264,0.1691114902496338,0,63.84117817878723,0.1684608459472656,0,56.33520865440369,0.2184972763061523,0,50.79102277755737,0.2238810062408447,,,,,,,False,False
2306.00225,0,amsart,5.222215890884399,0.1170125007629394,0,5.601760387420654,0.1159453392028808,0,6.257787704467773,0.2260308265686035,0,3.0912389755249023,0.1165802478790283,,,,,,,True,True
2306.01842,12,revtex4-1,3.431847095489502,0.2170264720916748,0,7.168836832046509,0.1154098510742187,0,8.932257413864136,0.1161084175109863,0,5.148950576782227,0.1704306602478027,,,,,,,False,False
2306.03059,0,revtex4-2,13.959614276885986,0.1686151027679443,0,28.360053539276123,0.1701562404632568,0,29.231886863708496,0.1711883544921875,0,27.80562448501587,0.1706440448760986,,,,,,,True,True
2306.03763,0,article,16.876131296157837,0.1155152320861816,0,16.978204488754272,0.1688637733459472,0,17.023918867111206,0.1684138774871826,0,11.241153717041016,0.1796557903289795,,,,,,,False,False
2306.00378,0,acmart,19.62076139450073,0.1693017482757568,0,19.843003511428837,0.1666693687438964,12,18.573798179626465,0.2215564250946045,12,7.21287202835083,0.1707336902618408,,,,,,,False,False
2306.15076,0,acmart,32.97192931175232,0.1702041625976562,0,32.57245993614197,0.1181211471557617,0,29.147146701812744,0.1686494350433349,12,4.9131247997283936,4.947828054428101,,,,,,,False,False
2306.00051,0,revtex4-2,11.700835466384888,0.1698665618896484,0,11.733901500701904,0.1179409027099609,0,12.052252054214478,0.1161293983459472,0,8.873001098632812,0.1676311492919922,,,,,,,False,False
2306.00363,0,revtex4-2,23.400010347366333,0.1710968017578125,0,21.061676263809204,0.1696963310241699,0,24.6926212310791,0.1158530712127685,0,16.14507269859314,0.1686551570892334,,,,,,,False,False
2306.00741,0,amsart,2.1774046421051025,0.1160571575164794,0,2.0277228355407715,0.1189131736755371,0,2.329177141189575,0.1159188747406005,0,1.83107590675354,0.1747996807098388,,,,,,,True,True
2306.00471,0,amsart,105.76068615913393,0.2211000919342041,0,102.26093673706056,0.1165955066680908,0,109.98344588279724,0.1737313270568847,0,99.41288352012634,0.1765596866607666,,,,,,,False,False
2306.00569,0,revtex4-2,8.328130006790161,0.1176440715789794,0,7.257460355758667,0.1748254299163818,0,7.204824447631836,0.1158657073974609,0,4.953037023544312,0.1762924194335937,,,,,,,False,False
2306.00059,0,iau,10.889740943908691,0.1176080703735351,0,9.720566511154177,0.1167740821838378,0,9.673035621643066,0.1160833835601806,0,6.907916784286499,0.1662437915802002,,,,,,,True,True
2306.00322,12,revtex4-1,2.6317429542541504,2.58196759223938,12,2.5366523265838623,2.482569694519043,12,2.629868268966675,0.1163446903228759,12,2.1496293544769287,0.1702771186828613,,,,,,,False,False
2306.00109,0,amsart,6.70707106590271,0.1170032024383544,0,6.51765513420105,0.1161854267120361,0,6.709287166595459,0.1160614490509033,0,5.655936241149902,0.116124153137207,,,,,,,True,True
2306.00436,0,revtex4-2,15.664265394210815,0.1159553527832031,0,16.10603380203247,0.1160273551940918,0,16.21724271774292,0.1160087585449218,0,15.357040405273438,0.169050931930542,,,,,,,True,True
2306.05803,0,article,16.66269063949585,0.1163148880004882,0,16.43188452720642,0.1745157241821289,0,16.410817623138428,0.1165888309478759,0,12.340393304824827,0.1690478324890136,,,,,,,False,False
2306.01294,0,amsart,6.547980546951294,0.1169719696044921,0,20.60664367675781,0.1167278289794921,0,21.17651414871216,0.1156826019287109,0,20.942623376846317,0.1703009605407714,,,,,,,False,False
2306.0151,0,amsart,14.24282169342041,0.1683399677276611,0,14.161940813064575,0.1156830787658691,0,14.290664196014404,0.1704039573669433,0,9.532719612121582,0.1708183288574218,,,,,,,False,False
2306.00116,0,amsart,10.520100593566896,0.1154766082763671,0,10.423863887786863,0.1160476207733154,0,10.38755202293396,0.1693403720855713,0,6.918822765350342,0.1772325038909912,,,,,,,False,False
2306.00818,0,article,34.77067685127258,0.1688659191131591,0,33.81272888183594,0.1163134574890136,0,35.780537843704224,0.1668896675109863,0,26.33974027633667,0.1666531562805175,,,,,,,False,False
2306.00075,12,ieeeconf,5.5488104820251465,5.448532819747925,12,5.5478692054748535,5.562286853790283,12,5.647939682006836,0.1193747520446777,12,4.721660375595093,0.1674234867095947,,,,,,,True,False
2306.01235,0,amsart,2.981950521469116,0.115710973739624,0,3.1314024925231934,0.1156783103942871,0,4.0432562828063965,0.1163721084594726,0,2.431204319000244,0.1666128635406494,,,,,,,True,True
2306.02394,0,revtex4,4.95009970664978,0.1165568828582763,0,4.488603353500366,0.1167848110198974,0,4.747364044189453,0.1156682968139648,0,3.537351131439209,0.1163821220397949,,,,,,,False,False
2306.00249,0,article,203.00884747505188,0.2689037322998047,TIMED_OUT,-1.0,-1.0,0,213.31475973129272,0.2180492877960205,0,180.1370975971222,0.2234456539154052,,,,,,,False,False
2306.01903,12,elsarticle,20.751241207122803,16.287158727645874,0,53.114370346069336,0.1665487289428711,0,44.67005562782288,0.2193987369537353,0,29.85402584075928,0.1701753139495849,,,,,,,False,False
2306.08248,0,revtex4-2,25.553601264953613,0.1671895980834961,0,24.117175579071045,0.1699757575988769,0,20.16994595527649,0.1180863380432128,0,18.33496999740601,0.1768147945404052,,,,,,,False,False
2306.00009,0,acmart,29.89255666732788,0.219836950302124,0,24.925358533859253,0.1157484054565429,0,18.718513250350952,0.1157732009887695,12,4.346876621246338,4.650314569473267,,,,,,,False,False
2306.0042,0,llncs,16.093364715576172,0.2678911685943603,0,11.04404354095459,0.1674811840057373,12,9.984097719192505,0.2199099063873291,0,7.158848524093628,0.1671125888824463,,,,,,,False,False
2306.00166,0,svjour3,26.98909163475037,0.1673972606658935,0,20.999454736709595,0.1670467853546142,12,15.756046533584597,0.2250654697418213,0,12.258444786071776,0.1735439300537109,,,,,,,True,True
2306.00159,0,article,8.111358165740967,0.1158845424652099,0,9.940701246261597,0.1160645484924316,0,7.405835390090942,0.1169183254241943,0,5.146503925323486,0.1688332557678222,,,,,,,True,True
2306.09529,0,article,14.61290454864502,0.1158053874969482,0,16.366003036499023,0.1666154861450195,12,11.798523426055908,0.2177937030792236,0,9.17641544342041,0.1683449745178222,,,,,,,True,True
2306.16731,0,article,23.142121076583862,0.1718902587890625,0,22.801580667495728,0.1164093017578125,0,19.9419059753418,0.1682417392730713,0,14.773020505905151,0.1698391437530517,,,,,,,True,True
2306.00158,0,aastex63,14.957099676132202,0.1160178184509277,0,21.52984857559204,0.2388172149658203,0,14.490514278411863,0.1164588928222656,0,10.98564314842224,0.172314167022705,,,,,,,False,False
2306.00026,0,jmlr,12.836627960205078,0.1681330204010009,0,13.794068574905396,0.1736493110656738,12,11.979851961135864,0.2172164916992187,0,8.169595718383789,0.1688683032989502,,,,,,,False,False
2306.00991,0,amsart,9.620052576065063,0.1170814037322998,0,9.323148727416992,0.1167511940002441,0,11.26675796508789,0.169217824935913,0,6.743039608001709,0.1712429523468017,,,,,,,True,True
2306.05217,0,revtex4-2,14.314727783203123,0.1692466735839843,0,13.404948949813845,0.1694371700286865,0,16.33955979347229,0.168891429901123,0,9.377185821533203,0.1727285385131836,,,,,,,True,False
2306.00422,0,revtex4-1,9.266391038894652,0.119096040725708,0,9.167663335800173,0.1173646450042724,0,9.435658931732178,0.1159381866455078,0,7.4608330726623535,0.1169161796569824,,,,,,,False,False
2306.01441,0,amsart,6.604604005813599,0.1172297000885009,0,6.01713490486145,0.1162014007568359,0,6.15190577507019,0.1739912033081054,0,4.0908966064453125,0.1161398887634277,,,,,,,False,False
2306.00027,0,IEEEtran,27.178333282470703,0.1678557395935058,0,26.10311079025269,0.1165354251861572,0,24.413414239883423,0.1718451976776123,0,17.525102615356445,0.1690914630889892,,,,,,,False,False
2306.00064,0,revtex4-2,10.967973709106444,0.1696360111236572,0,10.93478298187256,0.1722452640533447,0,10.281774520874023,0.1708934307098388,0,8.524704217910767,0.1782135963439941,,,,,,,False,False
2306.02434,12,IEEEapm,2.685675621032715,2.378018856048584,12,2.2818195819854736,2.232151985168457,12,2.433232545852661,0.170137882232666,12,2.3824703693389893,0.1710214614868164,,,,,,,True,False
2306.07778,0,elsarticle,18.44202470779419,0.1170761585235595,0,19.9557101726532,0.1164760589599609,0,19.859460592269897,0.1708450317382812,0,15.846752643585203,0.1716320514678955,,,,,,,True,True
2306.00819,0,optica-article,18.641084909439087,0.1732537746429443,0,27.114105939865112,0.1672544479370117,0,19.020045280456543,0.1168792247772216,0,12.34864330291748,0.1711318492889404,,,,,,,False,False
2306.03768,0,amsproc,9.324960231781006,0.1164305210113525,0,11.44639801979065,0.1152234077453613,0,9.93642520904541,0.1166300773620605,0,6.474742650985718,0.1706554889678955,,,,,,,True,True
2306.00141,0,amsart,21.426021099090576,0.1691260337829589,0,30.23812055587769,0.1666288375854492,12,22.83876633644104,0.2164320945739746,0,15.77022385597229,0.1707284450531005,,,,,,,False,False
2306.01949,0,revtex4,19.930160999298096,0.1163165569305419,0,24.2133104801178,0.1156060695648193,0,20.32574844360352,0.1163465976715087,0,13.57302951812744,0.1730368137359619,,,,,,,True,True
2306.00154,0,article,35.741010665893555,0.1668558120727539,0,41.10227155685425,0.1696040630340576,12,34.69012665748596,0.2182333469390869,0,28.15459251403809,0.1676602363586425,,,,,,,False,False
2306.00287,0,mnras,18.180772304534912,0.1163873672485351,0,19.556082725524902,0.1699495315551757,0,18.083377599716187,0.1749463081359863,0,13.246684312820436,0.1687850952148437,,,,,,,False,False
2306.0051,0,article,3.687514305114746,0.1172382831573486,0,4.147222280502319,0.1156713962554931,0,3.6859538555145264,0.1164610385894775,0,3.0401759147644043,0.1161627769470214,,,,,,,True,False
2306.00727,0,amsart,15.899768829345703,0.1685261726379394,0,15.369922876358032,0.1713314056396484,0,14.867115020751951,0.1702265739440918,0,9.975126504898071,0.1755812168121338,,,,,,,True,True
2306.00493,0,article,7.122382402420044,0.1154077053070068,0,7.725723505020142,0.1160323619842529,0,8.015642404556274,0.1740961074829101,0,5.414532423019409,0.1678683757781982,,,,,,,True,True
2306.00408,0,IEEEtran,6.7086708545684814,0.1695508956909179,0,7.6152663230896,0.1757521629333496,12,6.60583758354187,0.1666624546051025,0,5.203990697860718,0.1713347434997558,,,,,,,True,True
2306.00882,0,amsart,3.538046598434448,0.1162130832672119,0,4.295438528060913,0.2173020839691162,12,3.640368461608887,0.1667044162750244,0,3.2404825687408447,0.1722402572631836,,,,,,,True,True
2306.00464,0,acmart,30.49791359901428,0.1750919818878173,0,32.095351219177246,0.1158134937286377,0,32.13939428329468,0.2188329696655273,0,22.92155623435974,0.1675117015838623,,,,,,,False,False
2306.02764,0,elsarticle,18.08176302909851,0.1741228103637695,0,19.33698511123657,0.1172316074371337,0,26.740655422210693,0.1160531044006347,0,12.79200553894043,0.1679995059967041,,,,,,,False,False
2306.00278,0,amsart,7.30573034286499,0.1671915054321289,0,7.465258836746216,0.1155412197113037,0,6.103351593017578,0.1162915229797363,0,3.791177034378052,0.1167116165161132,,,,,,,True,True
2306.00222,0,article,25.776641845703125,0.1163225173950195,0,24.11056137084961,0.1157326698303222,0,25.85852527618408,0.1741406917572021,0,19.106165647506717,0.1717753410339355,,,,,,,True,True
2306.03766,0,revtex4,9.3123619556427,0.1167397499084472,0,10.81969141960144,0.1734108924865722,0,10.090288400650024,0.1708545684814453,0,6.858862400054932,0.1723518371582031,,,,,,,False,False
2306.00478,0,article,1.7260150909423828,0.1160624027252197,0,1.775376558303833,0.1692671775817871,0,2.0804214477539062,0.116589069366455,0,1.930933952331543,0.1702809333801269,,,,,,,True,True
2306.00537,0,article,10.470773935317991,0.116546630859375,0,10.487181901931764,0.1180198192596435,0,12.623026609420776,0.1723527908325195,0,9.57593846321106,0.175356388092041,,,,,,,False,False
2306.00019,0,article,15.86279273033142,0.1674745082855224,0,16.31729769706726,0.1670835018157959,12,18.307676315307617,0.2232053279876709,0,10.198286056518556,0.1681165695190429,,,,,,,False,False
2306.01515,0,iopart,19.085986852645878,0.118870735168457,0,20.009053707122803,0.169825792312622,0,21.996534824371334,0.1167964935302734,0,15.109954118728638,0.1756291389465332,,,,,,,True,False
2306.10949,0,revtex4,7.954625129699707,0.1161122322082519,0,7.910916090011597,0.1162662506103515,0,10.668132305145264,0.1685466766357422,0,5.549749374389648,0.167736530303955,,,,,,,False,False
2306.01403,0,revtex4-2,12.590431690216064,0.1704437732696533,0,14.22252082824707,0.1165714263916015,0,18.99513292312622,0.1675403118133545,0,10.302971124649048,0.1723015308380127,,,,,,,False,False
2306.01511,0,article,21.1018545627594,0.1671662330627441,0,19.676608085632324,0.1681008338928222,0,22.6110200881958,0.1675901412963867,0,13.863909482955933,0.168715238571167,,,,,,,False,False
2306.00469,0,elsarticle,12.73283338546753,0.1669857501983642,0,8.282463550567627,0.1672053337097168,12,11.972908020019531,0.2215657234191894,0,8.081977844238281,0.1741998195648193,,,,,,,False,False
2306.0016,0,INTERSPEECH2023,17.65151333808899,0.1672720909118652,0,15.652330875396729,0.167076826095581,0,15.100073099136353,0.11663818359375,0,9.577548742294312,0.1781098842620849,,,,,,,True,True
2306.00394,0,revtex4-1,12.603945970535278,0.1161334514617919,0,11.497161626815796,0.1161110401153564,0,7.406380414962768,0.1728734970092773,0,6.556978464126587,0.1742141246795654,,,,,,,False,False
2306.00221,0,revtex4-2,73.2804594039917,0.1704499721527099,0,74.83754539489746,0.1681838035583496,12,84.76490879058838,0.2210807800292968,0,64.71975493431091,0.1760494709014892,,,,,,,False,False
2306.00234,0,IEEEtran,4.392347574234009,0.1192946434020996,0,4.039414644241333,0.1676046848297119,0,4.440651178359985,0.1688053607940673,0,3.492594718933105,0.1159689426422119,,,,,,,True,True
2306.04202,0,dccpaper,18.92004537582397,0.1176145076751709,0,18.353721857070923,0.1750733852386474,0,24.88305068016052,0.1670589447021484,0,13.07098913192749,0.1683599948883056,,,,,,,True,True
2306.00214,0,amsart,8.728073358535767,0.1187756061553955,0,9.29411268234253,0.1695523262023925,0,10.98208737373352,0.1171209812164306,0,5.449885845184326,0.1689364910125732,,,,,,,True,True
2306.01935,0,oup-authoring-template,16.697744607925415,0.1154048442840576,0,17.416457891464233,0.1683275699615478,0,17.50505304336548,0.1698906421661377,0,10.48401927947998,0.1722149848937988,,,,,,,True,True
2306.02792,0,amsart,14.95171332359314,0.1738538742065429,0,14.747976541519163,0.1674311161041259,0,16.301825523376465,0.1162035465240478,0,9.641717195510864,0.1739044189453125,,,,,,,False,False
2306.04132,0,amsart,12.131818056106567,0.1157903671264648,0,11.343282461166382,0.1161308288574218,0,12.853854894638062,0.1699953079223632,0,8.168986320495605,0.1741232872009277,,,,,,,True,True
2306.0166,0,article,13.184983730316162,0.167032241821289,0,11.994225025177002,0.1708455085754394,12,12.594380378723145,0.2207434177398681,0,8.02129864692688,0.167126178741455,,,,,,,False,False
2306.09175,0,article,34.52631711959839,0.1751370429992675,0,34.02601170539856,0.1165826320648193,0,38.33506989479065,0.1686935424804687,0,24.745009183883667,0.1737005710601806,,,,,,,False,False
2306.00103,0,article,40.46263885498047,0.1667158603668213,0,44.9340410232544,0.169727087020874,0,44.61198401451111,0.1684687137603759,0,26.66804671287537,0.1742854118347168,,,,,,,False,False
2306.00266,0,article,15.53948211669922,0.1163384914398193,0,14.098079442977903,0.1161389350891113,0,15.57790184020996,0.1168792247772216,0,9.97856378555298,0.1707167625427246,,,,,,,False,False
2306.04598,0,aastex631,11.064017057418823,0.1161208152770996,0,10.070192813873293,0.1170687675476074,0,10.369866132736206,0.1684827804565429,0,6.63590669631958,0.1727306842803955,,,,,,,True,True
2306.00299,0,article,14.25688409805298,0.1162862777709961,0,12.784840822219849,0.1748976707458496,0,13.55739712715149,0.1717574596405029,0,9.475502490997314,0.1681115627288818,,,,,,,True,True
2306.00081,0,revtex4-2,17.339219093322754,0.1692779064178466,0,16.42617630958557,0.1704294681549072,12,16.627623558044434,0.1664419174194336,0,13.687116622924805,0.1723735332489013,,,,,,,True,True
2306.00138,0,revtex4-1,12.509178400039673,0.1162216663360595,0,12.10300874710083,0.1707849502563476,0,12.606637001037598,0.1161565780639648,0,9.29054880142212,0.1704189777374267,,,,,,,True,True
2306.00229,0,acmart,15.353369235992432,0.1662917137145996,0,17.296709775924683,0.1666164398193359,12,13.536749839782717,0.1665165424346923,0,9.369951725006104,0.1706068515777588,,,,,,,False,False
2306.00156,0,elsarticle,13.97008204460144,0.1661851406097412,0,13.72065281867981,0.1670911312103271,12,11.996107339859009,0.1663045883178711,0,9.92622447013855,0.1675820350646972,,,,,,,True,True
2306.0058,0,nbdt-article,27.030987977981567,0.1159479618072509,0,28.095579624176025,0.1706869602203369,0,24.5467312335968,0.1682653427124023,0,16.734198570251465,0.1677443981170654,,,,,,,False,False
2306.0003,12,iopart,0.3172469139099121,0.3177511692047119,12,0.4204099178314209,0.3710513114929199,12,0.4692065715789795,0.1162869930267334,12,0.4786438941955566,0.175389289855957,,,,,,,False,False
2306.00558,12,amsart,5.345641851425171,5.04759693145752,12,5.595552682876587,5.6493916511535645,12,6.117967367172241,0.1696443557739257,12,4.300384283065796,0.1687967777252197,,,,,,,True,False
